/*
 Navicat Premium Data Transfer

 Source Server         : mysql
 Source Server Type    : MySQL
 Source Server Version : 80023
 Source Host           : localhost:3306
 Source Schema         : blockchain_evidence

 Target Server Type    : MySQL
 Target Server Version : 80023
 File Encoding         : 65001

 Date: 10/08/2021 18:17:26
*/

SET NAMES utf8mb4;
SET FOREIGN_KEY_CHECKS = 0;

-- ----------------------------
-- Table structure for aut_manager
-- ----------------------------
DROP TABLE IF EXISTS `aut_manager`;
CREATE TABLE `aut_manager`  (
  `autManId` varchar(255) CHARACTER SET utf8mb4 COLLATE utf8mb4_0900_ai_ci NOT NULL,
  `autName` varchar(255) CHARACTER SET utf8mb4 COLLATE utf8mb4_0900_ai_ci NULL DEFAULT NULL,
  `password` varchar(255) CHARACTER SET utf8mb4 COLLATE utf8mb4_0900_ai_ci NULL DEFAULT NULL,
  `phoneNumber` varchar(255) CHARACTER SET utf8mb4 COLLATE utf8mb4_0900_ai_ci NULL DEFAULT NULL,
  `idCard` varchar(2000) CHARACTER SET utf8mb4 COLLATE utf8mb4_0900_ai_ci NULL DEFAULT NULL COMMENT '密文',
  `email` varchar(255) CHARACTER SET utf8mb4 COLLATE utf8mb4_0900_ai_ci NULL DEFAULT NULL,
  `sex` enum('0','1') CHARACTER SET utf8mb4 COLLATE utf8mb4_0900_ai_ci NULL DEFAULT NULL,
  `organizationId` varchar(255) CHARACTER SET utf8mb4 COLLATE utf8mb4_0900_ai_ci NULL DEFAULT NULL COMMENT '外键',
  PRIMARY KEY (`autManId`) USING BTREE,
  INDEX `organization`(`organizationId`) USING BTREE,
  CONSTRAINT `organization` FOREIGN KEY (`organizationId`) REFERENCES `organization` (`organizationId`) ON DELETE RESTRICT ON UPDATE RESTRICT
) ENGINE = InnoDB CHARACTER SET = utf8mb4 COLLATE = utf8mb4_0900_ai_ci ROW_FORMAT = Dynamic;

-- ----------------------------
-- Records of aut_manager
-- ----------------------------
INSERT INTO `aut_manager` VALUES ('1', 'Sigrdrifa', NULL, NULL, NULL, NULL, '1', '1');
INSERT INTO `aut_manager` VALUES ('2', 'Brynhildr', NULL, NULL, NULL, NULL, '1', '2');

-- ----------------------------
-- Table structure for evidence
-- ----------------------------
DROP TABLE IF EXISTS `evidence`;
CREATE TABLE `evidence`  (
  `evidenceId` varchar(255) CHARACTER SET utf8mb4 COLLATE utf8mb4_0900_ai_ci NOT NULL,
  `userId` varchar(255) CHARACTER SET utf8mb4 COLLATE utf8mb4_0900_ai_ci NULL DEFAULT NULL COMMENT '外键',
  `evidenceType` enum('0','1','2','3','4','5','6') CHARACTER SET utf8mb4 COLLATE utf8mb4_0900_ai_ci NULL DEFAULT NULL,
  `evidenceName` varchar(2000) CHARACTER SET utf8mb4 COLLATE utf8mb4_0900_ai_ci NULL DEFAULT NULL COMMENT '密文',
  `filePath` varchar(255) CHARACTER SET utf8mb4 COLLATE utf8mb4_0900_ai_ci NULL DEFAULT NULL,
  `fileSize` varchar(2000) CHARACTER SET utf8mb4 COLLATE utf8mb4_0900_ai_ci NULL DEFAULT NULL COMMENT '密文',
  `fileHash` varchar(255) CHARACTER SET utf8mb4 COLLATE utf8mb4_0900_ai_ci NULL DEFAULT NULL,
  `evidenceBlockchainId` varchar(255) CHARACTER SET utf8mb4 COLLATE utf8mb4_0900_ai_ci NULL DEFAULT NULL,
  `blockchainTime` datetime(0) NULL DEFAULT NULL,
  `evidenceTime` datetime(0) NULL DEFAULT NULL,
  `organizationId` varchar(255) CHARACTER SET utf8mb4 COLLATE utf8mb4_0900_ai_ci NULL DEFAULT NULL COMMENT '外键',
  `notaryId` varchar(255) CHARACTER SET utf8mb4 COLLATE utf8mb4_0900_ai_ci NULL DEFAULT NULL COMMENT '外键',
  `notarizationStatus` enum('0','1','2','3','4') CHARACTER SET utf8mb4 COLLATE utf8mb4_0900_ai_ci NULL DEFAULT NULL,
  `transactionID` varchar(255) CHARACTER SET utf8mb4 COLLATE utf8mb4_0900_ai_ci NULL DEFAULT NULL,
  `notarizationStartTime` datetime(0) NULL DEFAULT NULL,
  `notarizationMoney` varchar(2000) CHARACTER SET utf8mb4 COLLATE utf8mb4_0900_ai_ci NULL DEFAULT NULL COMMENT '密文',
  `notarizationType` enum('0','1','2','3','4','5','6') CHARACTER SET utf8mb4 COLLATE utf8mb4_0900_ai_ci NULL DEFAULT NULL,
  `notarizationInformation` varchar(255) CHARACTER SET utf8mb4 COLLATE utf8mb4_0900_ai_ci NULL DEFAULT NULL,
  `notarizationEndTime` datetime(0) NULL DEFAULT NULL,
  `notarizationMatters` varchar(255) CHARACTER SET utf8mb4 COLLATE utf8mb4_0900_ai_ci NULL DEFAULT NULL,
  `notarizationBlockchainIdStart` varchar(255) CHARACTER SET utf8mb4 COLLATE utf8mb4_0900_ai_ci NULL DEFAULT NULL,
  `notarizationBlockchainIdEnd` varchar(255) CHARACTER SET utf8mb4 COLLATE utf8mb4_0900_ai_ci NULL DEFAULT NULL,
  `transactionStatus` enum('0','1') CHARACTER SET utf8mb4 COLLATE utf8mb4_0900_ai_ci NULL DEFAULT NULL,
  PRIMARY KEY (`evidenceId`) USING BTREE,
  INDEX `userId`(`userId`) USING BTREE,
  INDEX `organizationId`(`organizationId`) USING BTREE,
  INDEX `notaryId`(`notaryId`) USING BTREE,
  INDEX `transactionID`(`transactionID`) USING BTREE,
  CONSTRAINT `evidence_ibfk_1` FOREIGN KEY (`userId`) REFERENCES `user` (`userId`) ON DELETE RESTRICT ON UPDATE RESTRICT,
  CONSTRAINT `evidence_ibfk_2` FOREIGN KEY (`organizationId`) REFERENCES `organization` (`organizationId`) ON DELETE RESTRICT ON UPDATE RESTRICT,
  CONSTRAINT `evidence_ibfk_3` FOREIGN KEY (`notaryId`) REFERENCES `notary` (`notaryId`) ON DELETE RESTRICT ON UPDATE RESTRICT,
  CONSTRAINT `evidence_ibfk_4` FOREIGN KEY (`transactionID`) REFERENCES `transaction` (`transactionId`) ON DELETE RESTRICT ON UPDATE RESTRICT
) ENGINE = InnoDB CHARACTER SET = utf8mb4 COLLATE = utf8mb4_0900_ai_ci ROW_FORMAT = Dynamic;

-- ----------------------------
-- Records of evidence
-- ----------------------------
INSERT INTO `evidence` VALUES ('1', '1', '1', 'Agares', NULL, NULL, '1111', NULL, NULL, NULL, '1', '1', '0', '1', '2021-08-03 19:38:19', '125', '2', NULL, '2021-08-19 19:38:35', NULL, NULL, NULL, NULL);
INSERT INTO `evidence` VALUES ('2', '1', '2', 'Barbatos', NULL, NULL, '111', NULL, NULL, NULL, '1', NULL, '1', '1', '2021-07-31 11:24:57', NULL, NULL, NULL, NULL, NULL, NULL, NULL, NULL);
INSERT INTO `evidence` VALUES ('3', '2', '1', 'Bael', NULL, NULL, '11', NULL, NULL, NULL, '2', '5', '0', NULL, '2021-08-04 11:24:51', NULL, NULL, NULL, NULL, NULL, NULL, NULL, NULL);
INSERT INTO `evidence` VALUES ('4', '1', '3', 'Cimeries', NULL, NULL, '1', NULL, NULL, NULL, NULL, NULL, '0', NULL, NULL, NULL, NULL, NULL, NULL, NULL, NULL, NULL, NULL);

-- ----------------------------
-- Table structure for manager
-- ----------------------------
DROP TABLE IF EXISTS `manager`;
CREATE TABLE `manager`  (
  `manId` varchar(255) CHARACTER SET utf8mb4 COLLATE utf8mb4_0900_ai_ci NOT NULL,
  `username` varchar(255) CHARACTER SET utf8mb4 COLLATE utf8mb4_0900_ai_ci NULL DEFAULT NULL,
  `password` varchar(255) CHARACTER SET utf8mb4 COLLATE utf8mb4_0900_ai_ci NULL DEFAULT NULL,
  `phoneNumber` varchar(255) CHARACTER SET utf8mb4 COLLATE utf8mb4_0900_ai_ci NULL DEFAULT NULL,
  `idCard` varchar(2000) CHARACTER SET utf8mb4 COLLATE utf8mb4_0900_ai_ci NULL DEFAULT NULL COMMENT '密文',
  `email` varchar(255) CHARACTER SET utf8mb4 COLLATE utf8mb4_0900_ai_ci NULL DEFAULT NULL,
  `sex` enum('0','1') CHARACTER SET utf8mb4 COLLATE utf8mb4_0900_ai_ci NULL DEFAULT NULL,
  PRIMARY KEY (`manId`) USING BTREE
) ENGINE = InnoDB CHARACTER SET = utf8mb4 COLLATE = utf8mb4_0900_ai_ci ROW_FORMAT = Dynamic;

-- ----------------------------
-- Table structure for notary
-- ----------------------------
DROP TABLE IF EXISTS `notary`;
CREATE TABLE `notary`  (
  `notaryId` varchar(255) CHARACTER SET utf8mb4 COLLATE utf8mb4_0900_ai_ci NOT NULL,
  `notaryName` varchar(255) CHARACTER SET utf8mb4 COLLATE utf8mb4_0900_ai_ci NULL DEFAULT NULL,
  `jobNumber` varchar(255) CHARACTER SET utf8mb4 COLLATE utf8mb4_0900_ai_ci NULL DEFAULT NULL,
  `password` varchar(255) CHARACTER SET utf8mb4 COLLATE utf8mb4_0900_ai_ci NULL DEFAULT NULL,
  `phoneNumber` varchar(255) CHARACTER SET utf8mb4 COLLATE utf8mb4_0900_ai_ci NULL DEFAULT NULL,
  `idCard` varchar(2000) CHARACTER SET utf8mb4 COLLATE utf8mb4_0900_ai_ci NULL DEFAULT NULL COMMENT '密文',
  `email` varchar(255) CHARACTER SET utf8mb4 COLLATE utf8mb4_0900_ai_ci NULL DEFAULT NULL,
  `sex` enum('0','1') CHARACTER SET utf8mb4 COLLATE utf8mb4_0900_ai_ci NULL DEFAULT NULL,
  `organizationId` varchar(255) CHARACTER SET utf8mb4 COLLATE utf8mb4_0900_ai_ci NULL DEFAULT NULL COMMENT '外键',
  `notarizationType` enum('0','1','2','3','4','5','6') CHARACTER SET utf8mb4 COLLATE utf8mb4_0900_ai_ci NULL DEFAULT NULL,
  `publicKey` varchar(2000) CHARACTER SET utf8mb4 COLLATE utf8mb4_0900_ai_ci NULL DEFAULT NULL,
  PRIMARY KEY (`notaryId`) USING BTREE,
  INDEX `organizationId`(`organizationId`) USING BTREE,
  CONSTRAINT `organizationId` FOREIGN KEY (`organizationId`) REFERENCES `organization` (`organizationId`) ON DELETE RESTRICT ON UPDATE RESTRICT
) ENGINE = InnoDB CHARACTER SET = utf8mb4 COLLATE = utf8mb4_0900_ai_ci ROW_FORMAT = Dynamic;

-- ----------------------------
-- Records of notary
-- ----------------------------
INSERT INTO `notary` VALUES ('1', 'Nephthys', NULL, NULL, NULL, NULL, NULL, '1', '1', '0', NULL);
INSERT INTO `notary` VALUES ('2', 'Osiris', NULL, NULL, NULL, NULL, NULL, '0', '3', '1', NULL);
INSERT INTO `notary` VALUES ('3', 'Nut', NULL, NULL, NULL, NULL, NULL, '0', '2', '1', NULL);
INSERT INTO `notary` VALUES ('3474bedffaa74376982b538a7f3bb6e5', 'aabb', '123', '8d969eef6ecad3c29a3a629280e686cf0c3f5d5a86aff3ca12020c923adc6c92', '119', '{\"PUB\":7262148775952708694154992272926960673849079032229661503039031613381011465660678797045207642449218020142765547246280322911740305631465591522550813196883698141835916722020420400151830347291575086006948269034355803800457130804177235881070626560330710766943543099151256605121148743753627748471395516982961495579637993664320271499635428815488014118786041639133914298731984750337065986330750878344849452500604305013602363260267413709826778324863897214241508210829261365862422233444378292836502467099483471762643595260167484912414572900145769574018867982906525158762857582615418542264724977638551871322227377070365678237312,\"T1\":6927290001892731559468524178526376600849919190940045888418719739782830752410342006463116958132419104537811934540125054436640047814157629967660833597122779907178849522560296910323420673400832208726595102747022937298629147740977689851114392257165915245501206517398986189094239019873453916611116694685132173836602491620674588028431261198520758107203967734737601516775385984548877253782775453817306873476808056735812762638507404781243354682913669677758235297843739375803767998467405612671020040551773382887881816390405333069300192455772136186386774852462115565153664744861902631058939726651557036703244206475117445114462,\"T2\":2777669961855939378571454669214917408922359283940097095282757804352529567616501373861232604772706571494927433456511255393444533812350551926696729443157759675104660417887864810398677173455347005636702841166127441628510957690826493097427349504067960579784289496241487643166149112974722111291933646408421434455190510470030514897064945620283025614650718239242588551795962320154988404454720710990996247367535257631445259731391944142439080972091905772373036082627345162404107347905807898770369077872237290093415398156295101724979415322619749440739032884710306607834783757028399169722759633163576209514944858341482260830258}', '110@163.com', '1', '2', '0', '7831899162341101478632755899295301191273096590085587376083098283225335361545058883231682024130928924589023290602712152080665799087885762790530489017777498710971611131886688916591940164615956925773052822938996654176623343427525183047165299761782265382588358976939750250358561137860617153373438352002583802852520896608192266297296103849784253530655416218669033497661799134201016528349067055246470601078079407311206563625938736794309168001545032645395285088247016870844492387789740974659208811790081995676533264224936498262087202311390644290024971800145074209926049787933936356072427887667397275591056635412266188811041');
INSERT INTO `notary` VALUES ('4', 'Horus', NULL, NULL, NULL, NULL, NULL, '0', '1', '0', NULL);
INSERT INTO `notary` VALUES ('5', 'Amon', NULL, NULL, NULL, NULL, NULL, '0', '2', '2', NULL);
INSERT INTO `notary` VALUES ('6', 'Medjed', NULL, NULL, NULL, NULL, NULL, '1', '1', '1', NULL);
INSERT INTO `notary` VALUES ('9dde370d32f04387bf8f922a68d49db7', 'wfwt', '123', 'a665a45920422f9d417e4867efdc4fb8a04a1f3fff1fa07e998e86f7f7a27ae3', '110', '350121', '110@qq.com', '1', '1', '1', '6743062183462731209063904643207041458760579756416337880995195601498226772073205867909156432474996752533516068522747632305349004425450442148592344390723683133788989636752825988582711779079627186548136285964417548876216776741809379231831820892358865642212900427754426122588792976625265337716110457192902278578079378291112748763205671316522634314851658248686315576606987112728252176116774288004600233220124403395124952087141185091600252473122434735489365327061504971067556207678121455220744696850179419804698272325844329062854346178635359889255835723779846320485387564509263082348465926654853789328899717709235290340442');
INSERT INTO `notary` VALUES ('fb2eb9ecd14f40abb74e06cd16784374', 'wfwt', '123', 'a665a45920422f9d417e4867efdc4fb8a04a1f3fff1fa07e998e86f7f7a27ae3', '110', '350121', '110@qq.com', '1', '1', '1', '7448985558670385367791399710738042920044510744242022611330127114420356356834369250105354836772437500847790233065199356364144643236663028198260760728908582364945001504922882464397336375876051425830806393934737347546588479262120421966899131637564038795817685070646929273960736077663540728483287354774159299691768466073718651227048095596073000648311863189257377627708938487768978660193243183431287643098122726048262469743447723402657030610242068095491524630105497054427367781469829852783018608927566504027235539049402867678772454614716308785076262681828157681939823712364233956621245355874728847099010351337520548493157');

-- ----------------------------
-- Table structure for notary_statistics
-- ----------------------------
DROP TABLE IF EXISTS `notary_statistics`;
CREATE TABLE `notary_statistics`  (
  `notaryStatisticsId` varchar(255) CHARACTER SET utf8mb4 COLLATE utf8mb4_0900_ai_ci NOT NULL,
  `notstyId` varchar(255) CHARACTER SET utf8mb4 COLLATE utf8mb4_0900_ai_ci NULL DEFAULT NULL COMMENT '外键',
  `notaryName` varchar(255) CHARACTER SET utf8mb4 COLLATE utf8mb4_0900_ai_ci NULL DEFAULT NULL,
  `organizationName` varchar(255) CHARACTER SET utf8mb4 COLLATE utf8mb4_0900_ai_ci NULL DEFAULT NULL,
  `notarizationCount` int(0) NULL DEFAULT NULL,
  `notarizationTotalMoney` varchar(2000) CHARACTER SET utf8mb4 COLLATE utf8mb4_0900_ai_ci NULL DEFAULT NULL COMMENT '密文',
  `notarizationSuccessCount` int(0) NULL DEFAULT NULL,
  `notarizationType` enum('0','1','2','3','4','5','6') CHARACTER SET utf8mb4 COLLATE utf8mb4_0900_ai_ci NULL DEFAULT NULL,
  `timeFlag` datetime(0) NULL DEFAULT NULL,
  PRIMARY KEY (`notaryStatisticsId`) USING BTREE,
  INDEX `notstyId`(`notstyId`) USING BTREE,
  CONSTRAINT `notary_statistics_ibfk_1` FOREIGN KEY (`notstyId`) REFERENCES `notary` (`notaryId`) ON DELETE RESTRICT ON UPDATE RESTRICT
) ENGINE = InnoDB CHARACTER SET = utf8mb4 COLLATE = utf8mb4_0900_ai_ci ROW_FORMAT = Dynamic;

-- ----------------------------
-- Table structure for organization
-- ----------------------------
DROP TABLE IF EXISTS `organization`;
CREATE TABLE `organization`  (
  `organizationId` varchar(255) CHARACTER SET utf8mb4 COLLATE utf8mb4_0900_ai_ci NOT NULL,
  `organizationName` varchar(255) CHARACTER SET utf8mb4 COLLATE utf8mb4_0900_ai_ci NULL DEFAULT NULL,
  `address` varchar(255) CHARACTER SET utf8mb4 COLLATE utf8mb4_0900_ai_ci NULL DEFAULT NULL,
  `phoneNumber` varchar(255) CHARACTER SET utf8mb4 COLLATE utf8mb4_0900_ai_ci NULL DEFAULT NULL,
  `email` varchar(255) CHARACTER SET utf8mb4 COLLATE utf8mb4_0900_ai_ci NULL DEFAULT NULL,
  `legalPeople` varchar(255) CHARACTER SET utf8mb4 COLLATE utf8mb4_0900_ai_ci NULL DEFAULT NULL,
  PRIMARY KEY (`organizationId`) USING BTREE
) ENGINE = InnoDB CHARACTER SET = utf8mb4 COLLATE = utf8mb4_0900_ai_ci ROW_FORMAT = Dynamic;

-- ----------------------------
-- Records of organization
-- ----------------------------
INSERT INTO `organization` VALUES ('1', 'R\'lyeh', NULL, NULL, NULL, NULL);
INSERT INTO `organization` VALUES ('2', 'Arkham', NULL, NULL, NULL, NULL);
INSERT INTO `organization` VALUES ('3', 'Dunwich', NULL, NULL, NULL, NULL);
INSERT INTO `organization` VALUES ('4', 'Innsmouth', NULL, NULL, NULL, NULL);

-- ----------------------------
-- Table structure for organization_statistics
-- ----------------------------
DROP TABLE IF EXISTS `organization_statistics`;
CREATE TABLE `organization_statistics`  (
  `organizationStatisticsId` varchar(255) CHARACTER SET utf8mb4 COLLATE utf8mb4_0900_ai_ci NOT NULL,
  `organizationId` varchar(255) CHARACTER SET utf8mb4 COLLATE utf8mb4_0900_ai_ci NULL DEFAULT NULL COMMENT '外键',
  `organizationName` varchar(255) CHARACTER SET utf8mb4 COLLATE utf8mb4_0900_ai_ci NULL DEFAULT NULL,
  `notarizationCount` int(0) NULL DEFAULT NULL,
  `notarizationTotalMoney` varchar(2000) CHARACTER SET utf8mb4 COLLATE utf8mb4_0900_ai_ci NULL DEFAULT NULL COMMENT '密文',
  `notarizationSuccessCount` int(0) NULL DEFAULT NULL,
  `notstyCount` int(0) NULL DEFAULT NULL,
  `timeFlag` datetime(0) NULL DEFAULT NULL,
  PRIMARY KEY (`organizationStatisticsId`) USING BTREE,
  INDEX `organizationId`(`organizationId`) USING BTREE,
  CONSTRAINT `organization_statistics_ibfk_1` FOREIGN KEY (`organizationId`) REFERENCES `organization` (`organizationId`) ON DELETE RESTRICT ON UPDATE RESTRICT
) ENGINE = InnoDB CHARACTER SET = utf8mb4 COLLATE = utf8mb4_0900_ai_ci ROW_FORMAT = Dynamic;

-- ----------------------------
-- Table structure for rank
-- ----------------------------
DROP TABLE IF EXISTS `rank`;
CREATE TABLE `rank`  (
  `rankId` varchar(255) CHARACTER SET utf8mb4 COLLATE utf8mb4_0900_ai_ci NOT NULL,
  `notstyId` varchar(255) CHARACTER SET utf8mb4 COLLATE utf8mb4_0900_ai_ci NULL DEFAULT NULL COMMENT '外键',
  `notaryName` varchar(255) CHARACTER SET utf8mb4 COLLATE utf8mb4_0900_ai_ci NULL DEFAULT NULL,
  `notarizationCount` int(0) NULL DEFAULT NULL,
  `notaryRank` int(0) NULL DEFAULT NULL,
  `timeFlag` datetime(0) NULL DEFAULT NULL,
  PRIMARY KEY (`rankId`) USING BTREE,
  INDEX `notstyId`(`notstyId`) USING BTREE,
  CONSTRAINT `rank_ibfk_1` FOREIGN KEY (`notstyId`) REFERENCES `notary` (`notaryId`) ON DELETE RESTRICT ON UPDATE RESTRICT
) ENGINE = InnoDB CHARACTER SET = utf8mb4 COLLATE = utf8mb4_0900_ai_ci ROW_FORMAT = Dynamic;

-- ----------------------------
-- Table structure for transaction
-- ----------------------------
DROP TABLE IF EXISTS `transaction`;
CREATE TABLE `transaction`  (
  `transactionId` varchar(255) CHARACTER SET utf8mb4 COLLATE utf8mb4_0900_ai_ci NOT NULL,
  `userId` varchar(255) CHARACTER SET utf8mb4 COLLATE utf8mb4_0900_ai_ci NULL DEFAULT NULL COMMENT '外键',
  `userRemains` varchar(2000) CHARACTER SET utf8mb4 COLLATE utf8mb4_0900_ai_ci NULL DEFAULT NULL COMMENT '密文',
  `transactionMoney` varchar(2000) CHARACTER SET utf8mb4 COLLATE utf8mb4_0900_ai_ci NULL DEFAULT NULL COMMENT '密文',
  `transactionPeople` varchar(2000) CHARACTER SET utf8mb4 COLLATE utf8mb4_0900_ai_ci NULL DEFAULT NULL COMMENT '密文',
  `transactionType` enum('0','1','2','3','4') CHARACTER SET utf8mb4 COLLATE utf8mb4_0900_ai_ci NULL DEFAULT NULL,
  `storageSize` varchar(2000) CHARACTER SET utf8mb4 COLLATE utf8mb4_0900_ai_ci NULL DEFAULT NULL COMMENT '密文',
  `transactionTime` datetime(0) NULL DEFAULT NULL,
  `transactionBlockchainId` varchar(255) CHARACTER SET utf8mb4 COLLATE utf8mb4_0900_ai_ci NULL DEFAULT NULL,
  `blockchainTime` datetime(0) NULL DEFAULT NULL,
  `transactionStatus` enum('0','1') CHARACTER SET utf8mb4 COLLATE utf8mb4_0900_ai_ci NULL DEFAULT NULL,
  PRIMARY KEY (`transactionId`) USING BTREE,
  INDEX `userId`(`userId`) USING BTREE,
  CONSTRAINT `transaction_ibfk_1` FOREIGN KEY (`userId`) REFERENCES `user` (`userId`) ON DELETE RESTRICT ON UPDATE RESTRICT
) ENGINE = InnoDB CHARACTER SET = utf8mb4 COLLATE = utf8mb4_0900_ai_ci ROW_FORMAT = Dynamic;

-- ----------------------------
-- Records of transaction
-- ----------------------------
INSERT INTO `transaction` VALUES ('1', '1', '200', '34', NULL, '1', NULL, NULL, NULL, NULL, NULL);

-- ----------------------------
-- Table structure for user
-- ----------------------------
DROP TABLE IF EXISTS `user`;
CREATE TABLE `user`  (
  `userId` varchar(255) CHARACTER SET utf8mb4 COLLATE utf8mb4_0900_ai_ci NOT NULL,
  `username` varchar(255) CHARACTER SET utf8mb4 COLLATE utf8mb4_0900_ai_ci NULL DEFAULT NULL,
  `password` varchar(255) CHARACTER SET utf8mb4 COLLATE utf8mb4_0900_ai_ci NULL DEFAULT NULL,
  `phoneNumber` varchar(255) CHARACTER SET utf8mb4 COLLATE utf8mb4_0900_ai_ci NULL DEFAULT NULL,
  `idCard` varchar(2000) CHARACTER SET utf8mb4 COLLATE utf8mb4_0900_ai_ci NULL DEFAULT NULL COMMENT '密文',
  `email` varchar(255) CHARACTER SET utf8mb4 COLLATE utf8mb4_0900_ai_ci NULL DEFAULT NULL,
  `sex` enum('0','1') CHARACTER SET utf8 COLLATE utf8_general_ci NULL DEFAULT NULL,
  `remains` varchar(2000) CHARACTER SET utf8mb4 COLLATE utf8mb4_0900_ai_ci NULL DEFAULT NULL COMMENT '密文',
  `storageSpace` varchar(2000) CHARACTER SET utf8mb4 COLLATE utf8mb4_0900_ai_ci NULL DEFAULT NULL COMMENT '密文',
  `publicKey` varchar(2000) CHARACTER SET utf8 COLLATE utf8_general_ci NULL DEFAULT NULL,
  `hasUsedStorage` varchar(2000) CHARACTER SET utf8mb4 COLLATE utf8mb4_0900_ai_ci NULL DEFAULT NULL COMMENT '密文',
  PRIMARY KEY (`userId`) USING BTREE
) ENGINE = InnoDB AUTO_INCREMENT = 2 CHARACTER SET = utf8mb4 COLLATE = utf8mb4_0900_ai_ci ROW_FORMAT = Dynamic;

-- ----------------------------
-- Records of user
-- ----------------------------
INSERT INTO `user` VALUES ('1', 'Gawaine', NULL, NULL, NULL, NULL, '0', '200', '300', NULL, '157');
INSERT INTO `user` VALUES ('2', 'Lancelot·Du·Lake', NULL, NULL, NULL, NULL, '0', '250', '250', NULL, '123');
INSERT INTO `user` VALUES ('3', 'Guinevere', NULL, NULL, NULL, NULL, '1', '150', '300', NULL, '233');
INSERT INTO `user` VALUES ('3d817ab092c64930bb877538902a7cb6', 'wfwt', '8d969eef6ecad3c29a3a629280e686cf0c3f5d5a86aff3ca12020c923adc6c92', '119', '{\"PUB\":6389424543672481929612137363317398372874597006267488217782651252260908086500499420116020206815232037423014602836628367432861791300068017252391073654409497322365433093008497988100451763357505826848615730066012354500859630620566784288395736870619360679360093531315518356073040764146469330255288611156317284072365401225460229275986915237129436191963544901833378691409677872755156980508171665931375678427605913470104574439088125777929597323282280161629319646394356498700247158418393589693554006352671207933508893021413565094127332916273275253169581755453087896707970101446837380851709563448624676513846437376146947823081,\"T1\":3009449275025479977521517261247962266481953533964990870762059410285293697176662906163575922767978010559495026548025864600194335290262479528111630445451021835328459169057444397882591487283125483279007062445418538031252938765163578296009649282914159901621179436881418433038499985029952990261684536840932780493358022034056146970529589909766172738479428614072014674092077657129517425531339759204987706571982423148448607860269436337116756052766302856199957110186053744024943186009522600179565225546486311311617742711121218323461677960961836581092516630815282508973761847528872705146806866457867441773003819581770765323050,\"T2\":2170330689895891170833462334705172970384174321417249438690789115687878576531700245306321707344324966026466462855150751336226798009558575144300559363843397163077358411980069484278757875286021726555043487867946769788335548999734732350671459495054688008084483275338745654741356634840611777570060208962245980754149613210782138716728342833058107124058534694503238567323336598452566307018838908746970963458568140521687276371951068278335025063242558359540193723330289487108913743484185089047041034505339671249306255741467740453393742818816064757583004217761125239343087801725840748589875069852180489218394223254569235775707}', '110@163.com', '1', '{\"PUB\":4209075792628990332850094028374420949275351459171897618740633194496698124535299352899042826060463366319733219310861225329475620980106341185409757013952275472583951791991531710764337020739764868824664522266094859367604533004299918095528807945551034490364432207850982934837520802449847210643366113646293397871431565039884679806458312247000845843547105181883738054847683885323196312914005297676060465366062305770135643418993844140216431523114225112418553576533204820329926626175057809557939616755435364244366038887372235739815179026321831488789748757706904756613762008778693977312141769613820666803998294233909154233490,\"T1\":6912281365534004448119171007223453216635925874699873278354554282731936449584692088859999052558943934925405719098580685133739627176953817990814943486264881161237783418690151539850715712649040768824401769900397022765436406242033789520534769061090251389532052725499912625151540984202141811204990833961015390134936162490742618865370952536840551635958880426278697150028765212090292663076708342360179675934147791986909845779052557858667146975961162633596735146115478074209415428588587751101334957798769634269336159740255184932785091354254185183988253413880940345902711271886345441063590627611450464385830372142723114908406,\"T2\":4126479190401284115764760137416454209169124698739086595009052137617749683822819605184473814863642382773534243384121852996631773934896426600678759932521076331172679830857275812135137431015341850884236901513756780317743323997169795432680745822331383602149096631274425378490462382316751628914862561930978179121654945608493150132995411385932422330516094010889657020114159146058105459456863014661348257587383444734697024666264571558480534368001951502238789972217173281423107330482230710355355155681888317892599482589860048311762251988712782169944044545060849317982221212773610126929380661279693877939827697902767708930797}', '{\"PUB\":4209075792628990332850094028374420949275351459171897618740633194496698124535299352899042826060463366319733219310861225329475620980106341185409757013952275472583951791991531710764337020739764868824664522266094859367604533004299918095528807945551034490364432207850982934837520802449847210643366113646293397871431565039884679806458312247000845843547105181883738054847683885323196312914005297676060465366062305770135643418993844140216431523114225112418553576533204820329926626175057809557939616755435364244366038887372235739815179026321831488789748757706904756613762008778693977312141769613820666803998294233909154233490,\"T1\":2128980948374952588658356209243575918667420074807853715395857738402348458940830038584887991001023076209801608097186316769647759886708236341834765040492668067330108085400015939799968046138835377363403587703875382599622619868081024143527718821178350686600947031201673813416212061373414280503352370752725774327239618522235255736524399444196717403913784240939981351194692356704674834913596305064271686119951341114220973036798792301997117019475890665806939327791940742903742036862429264008039551790487432858361011837287096203914260285118739680628954712457750730828379259494873217120589530156954926038566703717251507431063,\"T2\":2781895515414493994379770906868466999931875573675432447212928193344868395475172657795907502043925600997208457451558848345083141048681300287300777722595543411452954107943168404436629010442509607292763626607904012735319899780843394761369553419206321130896203863891995711581206906681786510037008978649842027983150257205620572538411403882632089838865043366323915593238020554728044468080954347836045001667319546568443655849943367564075859766513932222313399787001806854255665573216767394054479022818027285924363389742737876940604566933928779088278184332781408881511220418880949195497078764567707850741314158610336858481126}', '4209075792628990332850094028374420949275351459171897618740633194496698124535299352899042826060463366319733219310861225329475620980106341185409757013952275472583951791991531710764337020739764868824664522266094859367604533004299918095528807945551034490364432207850982934837520802449847210643366113646293397871431565039884679806458312247000845843547105181883738054847683885323196312914005297676060465366062305770135643418993844140216431523114225112418553576533204820329926626175057809557939616755435364244366038887372235739815179026321831488789748757706904756613762008778693977312141769613820666803998294233909154233490', '{\"PUB\":4209075792628990332850094028374420949275351459171897618740633194496698124535299352899042826060463366319733219310861225329475620980106341185409757013952275472583951791991531710764337020739764868824664522266094859367604533004299918095528807945551034490364432207850982934837520802449847210643366113646293397871431565039884679806458312247000845843547105181883738054847683885323196312914005297676060465366062305770135643418993844140216431523114225112418553576533204820329926626175057809557939616755435364244366038887372235739815179026321831488789748757706904756613762008778693977312141769613820666803998294233909154233490,\"T1\":7055362417548637865237052429152342425858673512116083934297773810608729949790783389554083717948017186846375603358192934971784769767339822454275210466492647502072476742691658837252722294150620380995084366174878898872017607314918314570681926838717926763292763410748338740226732876754303698247055037988925164712368566481102671023714067286522554215929659707889035310106671910517095613536347113859217151413115130843671010358016304440888306073972012328519833116165071406111058071901491700509798429898155921333864238030364504663489694116954868570278022960545701077460572128424082814935756987946290910393871582042343885133920,\"T2\":908996955238889650773998178863841675512883510336621268452497886446246246391112828347484531745339121928115228102368349670335541895040531186995462976936140327272628426814265859003826614182440362085558170886751277744425867402121070695877461430132996521947198744124491900454230532079014820923840369492743067882827325183615908658881422804903338594025766048054289159955676662645180831074036233732677083306239794032441179896175204122231251883577432464955485549944021123697888248398244109311906934279075999196132575454539819851879060038805686117888365879181017073068013928756757460397851722750717572317586912017612669737714}');
INSERT INTO `user` VALUES ('4', 'Artoria ', NULL, NULL, NULL, NULL, '1', '340', '444', NULL, '297');
INSERT INTO `user` VALUES ('5', 'Mordred', NULL, NULL, NULL, NULL, '0', '300', '500', NULL, '349');
INSERT INTO `user` VALUES ('6', 'Merlin', NULL, NULL, NULL, NULL, '0', '100', '600', NULL, '147');
INSERT INTO `user` VALUES ('7', 'Morgan', NULL, NULL, NULL, NULL, '1', '200', '400', NULL, '379');
INSERT INTO `user` VALUES ('d1bfa78f36b848da9b9f94fece663595', 'wfwt', 'a665a45920422f9d417e4867efdc4fb8a04a1f3fff1fa07e998e86f7f7a27ae3', '110', '{\"PUB\":1195399760180341292320598723111041297742342121574705195057799022854529046125326158749357921233935996292967778555739350878718307120447512989635252695226136268648151699833476153055374109631752153323429032185997708604180096484243108294899131277668232652684919777524176993489113624899140858272555894602877810667633746690086165967819402317371726311589458982997616414365948506501951155676593630832244553233423630510809613041002410192362375453828469526782919558451967935838136877549577967120576201097955065520420526332882225465565650378168498229080228575909154099341284628040465928619103293592297686201840966569318947486768,\"T1\":7165545205597776558480274662900172704418846306779876631649073312387351731092073222822868735057306648163825067035355885763695193695706110181916803497186584997665811782438966583784596098525955631521162873451016657456032631324445307394972614138643867188226279826306287831205268661093814087423897111561084851992495021996838228204638597429570527444439275063895161059269271475198312634702811770953532223273620269324064387920962478517723625278060682097151925226823411267921509132000273931656742317939336899854366241509128983675646261630227949116783796681722310370954856055094307158369188148252428474881012735896821187631547,\"T2\":66460605351802850139525366383406350990672359483341304967760967438645125287240882004843600811174456812128515964894459946435853721337956708482345717600434496317902638571452816864883387847962358442086191851939408345557124190962236986395094578793255943360770237014086949698093664654355173957515134237840876924151943432236046178070105036653950399336659388621983058443932217334603392393201629770493288854491863146730215541522026282166000000447653843639879940132494092246220870618335929358143910869682212419358376073470500186107668643648037072105411291573089656946576053006686506442696396277160187033185224613216342542699}', '123@qq.com', '1', '{\"PUB\":1195399760180341292320598723111041297742342121574705195057799022854529046125326158749357921233935996292967778555739350878718307120447512989635252695226136268648151699833476153055374109631752153323429032185997708604180096484243108294899131277668232652684919777524176993489113624899140858272555894602877810667633746690086165967819402317371726311589458982997616414365948506501951155676593630832244553233423630510809613041002410192362375453828469526782919558451967935838136877549577967120576201097955065520420526332882225465565650378168498229080228575909154099341284628040465928619103293592297686201840966569318947486768,\"T1\":3630610651084833902182503915378574366467166530917101643107056263489002006455220263835594978885185840568094574477500546957649240152061807101078519394816207332153351335218882549280070970631232232158527072887252906773948387300385401159747186658566185354885165652633678584966115722196775717259407931139224960125898062235084998724240452887615161018367703529047718377612910084414315056143750171844960256815255623660389796078422128089653267709202058259516975282695694396456959613996879735405542503151361172911288789969273120428369063766340800921720045752971734839506988309112397165771663429561354351956379083822759754777368,\"T2\":4460895773024489691396542361032315029399827700921584102979116881236640225820735763681839109704601627222585359847428987021937302084579824311038152670662845020170646422562270400520022914844244482404055333095152963939621383662642217457151536490080790762972117739755692118371588849135467435413882770392255632523469047704594320130351486380885224522037990005688199683682280412709442555641605307677509087788295128209066816490567599406687437565768126090706536015308258929250245765113897794093220299101504667491730213891347435581700473491708031309815908817351796023172712225669560026356667217021518339662086335950323875698252}', '{\"PUB\":1195399760180341292320598723111041297742342121574705195057799022854529046125326158749357921233935996292967778555739350878718307120447512989635252695226136268648151699833476153055374109631752153323429032185997708604180096484243108294899131277668232652684919777524176993489113624899140858272555894602877810667633746690086165967819402317371726311589458982997616414365948506501951155676593630832244553233423630510809613041002410192362375453828469526782919558451967935838136877549577967120576201097955065520420526332882225465565650378168498229080228575909154099341284628040465928619103293592297686201840966569318947486768,\"T1\":6885768772923545262575828831203370552613258131388030637631694045127891886650626702042968493992572787964381170060414757187789693825965255834094613774756953872421597777482776586207200489435961469655252288627540908835604375549753746889786515622276707939091489290911574076898156854308917667147722885891208821089854475409082145169842068257857047009187400806198704349036823920251948009191072305583271045554364805172961801727399439432710987139583473229390257803272843165270449527170781270375982474801729137450518023713938742619322999841781252166797702519168387612054536043709566507099085836346105490554963008812053735163303,\"T2\":6166865663292823193141795854509910869476186256747515685252361943701170502086958018638939758755397190737273057677493801381821052530856309697866368095902511558815297217004022433241631553348130872826504516647654950272897127695091878584007637932979774912380984871469634440090606637603722057063245772203847693563579795006115545539027300511926279859904413271769888025260084618136704792514370682730454478983338922443096636026254566352375471796772895021365359638988557867005850995673057015977420678992829253561335111732117224975671046825659681933973166361656312734604365263528817720160744290057626147128983559870212296378578}', '1195399760180341292320598723111041297742342121574705195057799022854529046125326158749357921233935996292967778555739350878718307120447512989635252695226136268648151699833476153055374109631752153323429032185997708604180096484243108294899131277668232652684919777524176993489113624899140858272555894602877810667633746690086165967819402317371726311589458982997616414365948506501951155676593630832244553233423630510809613041002410192362375453828469526782919558451967935838136877549577967120576201097955065520420526332882225465565650378168498229080228575909154099341284628040465928619103293592297686201840966569318947486768', '{\"PUB\":1195399760180341292320598723111041297742342121574705195057799022854529046125326158749357921233935996292967778555739350878718307120447512989635252695226136268648151699833476153055374109631752153323429032185997708604180096484243108294899131277668232652684919777524176993489113624899140858272555894602877810667633746690086165967819402317371726311589458982997616414365948506501951155676593630832244553233423630510809613041002410192362375453828469526782919558451967935838136877549577967120576201097955065520420526332882225465565650378168498229080228575909154099341284628040465928619103293592297686201840966569318947486768,\"T1\":4572358270411264369346405073574852146505000710738428456500405475226420465083887253970487320175472076160564381843133244097355221026449064612066584258059554239360062682408493892307113748705629361282570288562564258131304534684368419627676862209334985317509383854175619135603840906233972064778820388221631511255198993120177101632245301516620659173627809575122460678703024072677260987867289396031932437817137591614115346442164090674147923311558595101580588920190174624727517873697713437210401468585472055916592858762961426947747375506664879096616950047066145515133429885902352304879924668156917093678916718833065734933830,\"T2\":3532925759104298162877214464040978941616930685337969021510650939043599108489425647670308232613878889251075776021886265857723144178855175274301274540573788726027089870448022798004350047209148575181026572168805484554306237751869302744390474202345607203327512088472336144635057680930152642837097246254017682420913082610248170001699309377343770785421798077829881001012583415722386774409319643497795746597399708486495268011621679623422830948299027769812872130908339402720676338595635710868389610259420238706135491344288337170980949051496950657875085770176988061770433869040294102389007486482679135744161550231066464116476}');

SET FOREIGN_KEY_CHECKS = 1;
