/*
 Navicat Premium Data Transfer

 Source Server         : mysql
 Source Server Type    : MySQL
 Source Server Version : 80023
 Source Host           : localhost:3306
 Source Schema         : blockchain_evidence

 Target Server Type    : MySQL
 Target Server Version : 80023
 File Encoding         : 65001

 Date: 17/09/2021 22:30:13
*/

SET NAMES utf8mb4;
SET FOREIGN_KEY_CHECKS = 0;

-- ----------------------------
-- Table structure for aut_manager
-- ----------------------------
DROP TABLE IF EXISTS `aut_manager`;
CREATE TABLE `aut_manager`  (
  `autManId` varchar(255) CHARACTER SET utf8mb4 COLLATE utf8mb4_0900_ai_ci NOT NULL,
  `autName` varchar(255) CHARACTER SET utf8mb4 COLLATE utf8mb4_0900_ai_ci NULL DEFAULT NULL,
  `password` varchar(255) CHARACTER SET utf8mb4 COLLATE utf8mb4_0900_ai_ci NULL DEFAULT NULL,
  `phoneNumber` varchar(255) CHARACTER SET utf8mb4 COLLATE utf8mb4_0900_ai_ci NULL DEFAULT NULL,
  `idCard` varchar(2000) CHARACTER SET utf8mb4 COLLATE utf8mb4_0900_ai_ci NULL DEFAULT NULL COMMENT '密文',
  `email` varchar(255) CHARACTER SET utf8mb4 COLLATE utf8mb4_0900_ai_ci NULL DEFAULT NULL,
  `sex` enum('0','1') CHARACTER SET utf8mb4 COLLATE utf8mb4_0900_ai_ci NULL DEFAULT NULL,
  `organizationId` varchar(255) CHARACTER SET utf8mb4 COLLATE utf8mb4_0900_ai_ci NULL DEFAULT NULL COMMENT '外键',
  PRIMARY KEY (`autManId`) USING BTREE,
  INDEX `organization`(`organizationId`) USING BTREE,
  CONSTRAINT `organization` FOREIGN KEY (`organizationId`) REFERENCES `organization` (`organizationId`) ON DELETE RESTRICT ON UPDATE RESTRICT
) ENGINE = InnoDB CHARACTER SET = utf8mb4 COLLATE = utf8mb4_0900_ai_ci ROW_FORMAT = Dynamic;

-- ----------------------------
-- Records of aut_manager
-- ----------------------------
INSERT INTO `aut_manager` VALUES ('1', 'Sigrdrifa', NULL, NULL, NULL, NULL, '1', '1');
INSERT INTO `aut_manager` VALUES ('2', 'Brynhildr', NULL, NULL, NULL, NULL, '1', '2');
INSERT INTO `aut_manager` VALUES ('bca3a7117e20432da46c182633d7b372', 'aabb', '8d969eef6ecad3c29a3a629280e686cf0c3f5d5a86aff3ca12020c923adc6c92', '119', '{\"PUB\":3449815693130951625897573519621319592257856739364921369607803948966288651858063742436913397778943828072850149289385301123413475551596027349085201785113109044893440230651065351963288788540673772455817274648045041547525558544187921953796089612446713797866838276637606389099378860912438596665003231468489520751385714791036026830027100351632815559310724918100358837019469348718271174886023975954585835225375016328927942372402388031832243047491454805852929608427032400244019281877040946321632489363049918840323300917565207716950630729732580351910159252206212235198671721381648981245250580682172509433896163249204976097246,\"T1\":7218853226164390158657864792631382114650338196693092278049423659792970901340609323544235106196025836154414016620823328138453425355846681211138794252834549279343669546013371373569850524917520555983750515372110878449298571189724971655406871182931883745573215462842900086105252871447521897655653079344975204185322591822266544074316810566096716193675643016236827878069174195295708805971362206531857906162358526249894037706071545615322415450367120579008867900136177808433714353150224037928985167135869200124717294587737487002314706975833598660966545801490756618007368145118576006018964588401145009008504793957045259997110,\"T2\":2064395537552050805865422508601065536470830343611465461114087599342987350500028970102662502023634195265218938053683045779312684538367537091162251452224264539193493778354110955019734195962540359082577064173870943710717933034906337500708504032315571680643381820581380449193457609113280508996564102322690221906647093204718485368103018002200658933793174208025854004921009030448077745727726420491788363342152576687434025749331033991717981020049122453387832590333959265025619515488460689798856512675280959893008036101972492166185757394979457648422635061260442904674705698844015409290140468267938642104611218382580871622368}', '110@163.com', '1', '2');

-- ----------------------------
-- Table structure for evidence
-- ----------------------------
DROP TABLE IF EXISTS `evidence`;
CREATE TABLE `evidence`  (
  `evidenceId` varchar(255) CHARACTER SET utf8mb4 COLLATE utf8mb4_0900_ai_ci NOT NULL,
  `userId` varchar(255) CHARACTER SET utf8mb4 COLLATE utf8mb4_0900_ai_ci NULL DEFAULT NULL COMMENT '外键',
  `evidenceType` enum('0','1','2','3','4','5','6') CHARACTER SET utf8mb4 COLLATE utf8mb4_0900_ai_ci NULL DEFAULT NULL,
  `evidenceName` varchar(2000) CHARACTER SET utf8mb4 COLLATE utf8mb4_0900_ai_ci NULL DEFAULT NULL COMMENT '密文',
  `filePath` varchar(255) CHARACTER SET utf8mb4 COLLATE utf8mb4_0900_ai_ci NULL DEFAULT NULL,
  `fileSize` varchar(2000) CHARACTER SET utf8mb4 COLLATE utf8mb4_0900_ai_ci NULL DEFAULT NULL COMMENT '密文',
  `fileHash` varchar(255) CHARACTER SET utf8mb4 COLLATE utf8mb4_0900_ai_ci NULL DEFAULT NULL,
  `evidenceBlockchainId` varchar(255) CHARACTER SET utf8mb4 COLLATE utf8mb4_0900_ai_ci NULL DEFAULT NULL,
  `blockchainTime` datetime(0) NULL DEFAULT NULL,
  `evidenceTime` datetime(0) NULL DEFAULT NULL,
  `organizationId` varchar(255) CHARACTER SET utf8mb4 COLLATE utf8mb4_0900_ai_ci NULL DEFAULT NULL COMMENT '外键',
  `notaryId` varchar(255) CHARACTER SET utf8mb4 COLLATE utf8mb4_0900_ai_ci NULL DEFAULT NULL COMMENT '外键',
  `notarizationStatus` enum('0','1','2','3','4') CHARACTER SET utf8mb4 COLLATE utf8mb4_0900_ai_ci NULL DEFAULT NULL,
  `transactionID` varchar(255) CHARACTER SET utf8mb4 COLLATE utf8mb4_0900_ai_ci NULL DEFAULT NULL,
  `notarizationStartTime` datetime(0) NULL DEFAULT NULL,
  `notarizationMoney` varchar(2000) CHARACTER SET utf8mb4 COLLATE utf8mb4_0900_ai_ci NULL DEFAULT NULL COMMENT '密文',
  `notarizationType` varchar(255) CHARACTER SET utf8mb4 COLLATE utf8mb4_0900_ai_ci NULL DEFAULT NULL,
  `notarizationInformation` varchar(255) CHARACTER SET utf8mb4 COLLATE utf8mb4_0900_ai_ci NULL DEFAULT NULL,
  `notarizationEndTime` datetime(0) NULL DEFAULT NULL,
  `notarizationMatters` varchar(255) CHARACTER SET utf8mb4 COLLATE utf8mb4_0900_ai_ci NULL DEFAULT NULL,
  `notarizationBlockchainIdStart` varchar(255) CHARACTER SET utf8mb4 COLLATE utf8mb4_0900_ai_ci NULL DEFAULT NULL,
  `notarizationBlockchainIdEnd` varchar(255) CHARACTER SET utf8mb4 COLLATE utf8mb4_0900_ai_ci NULL DEFAULT NULL,
  `transactionStatus` enum('0','1') CHARACTER SET utf8mb4 COLLATE utf8mb4_0900_ai_ci NULL DEFAULT NULL,
  PRIMARY KEY (`evidenceId`) USING BTREE,
  INDEX `userId`(`userId`) USING BTREE,
  INDEX `organizationId`(`organizationId`) USING BTREE,
  INDEX `notaryId`(`notaryId`) USING BTREE,
  INDEX `transactionID`(`transactionID`) USING BTREE,
  CONSTRAINT `evidence_ibfk_1` FOREIGN KEY (`userId`) REFERENCES `user` (`userId`) ON DELETE RESTRICT ON UPDATE RESTRICT,
  CONSTRAINT `evidence_ibfk_2` FOREIGN KEY (`organizationId`) REFERENCES `organization` (`organizationId`) ON DELETE RESTRICT ON UPDATE RESTRICT,
  CONSTRAINT `evidence_ibfk_3` FOREIGN KEY (`notaryId`) REFERENCES `notary` (`notaryId`) ON DELETE RESTRICT ON UPDATE RESTRICT,
  CONSTRAINT `evidence_ibfk_4` FOREIGN KEY (`transactionID`) REFERENCES `transaction` (`transactionId`) ON DELETE RESTRICT ON UPDATE RESTRICT
) ENGINE = InnoDB CHARACTER SET = utf8mb4 COLLATE = utf8mb4_0900_ai_ci ROW_FORMAT = Dynamic;

-- ----------------------------
-- Records of evidence
-- ----------------------------
INSERT INTO `evidence` VALUES ('1', '8359c6bdec8d422b9382c7fa68bc11a0', '1', 'Agares', NULL, NULL, '1111', NULL, NULL, NULL, '1', '1', '1', '7fb2acc72a044f47b4c9febe8e481e4d', '2021-08-11 22:31:46', '{\"PUB\":5515409226158832788791739112526812287228939154265738021408906143681734974917774697352737939015245200265821775449522077124557371791126659243190498760360617858566844625357728784916487482222997019173897811401399021603983067307715815319793352403365072303452824936158879322449237232369214455650704048420347036482526472786986112227169504386677347361212577156403390041947014525720736961689685034147981870071035327561299461929001433114860320714792506075997988869602459087324965783811417730920626889980461038194156729460967919365665361658562988960721501114889420847534426855676373651549028783713400942349155282937562417483493,\"T1\":52605796862049384494727661549331583919425827956842535589707779300517306147291695478305512708520603608582124646782360678122189925925058079903526184217533867210825505208220348619154090974314901690807564922588246554439736365875891217271672629923611398777010924565320565011951377176603086198676666247224520225644870559174456410615388909543863616734531326931815870453417042287049118409171047154996861039300225184364106775913057894657594155159730872018180722208426910140869543987805449505628950736542068767639328181711984991413609724612740690992648834360954135899660029340736855703036256220207286962997123976510751082890,\"T2\":3903612103493007053391257979054303706501185834771054170328836556711690773697789721750595120578865562346519010597397180605166604953540511655523728932118028164008977745213034184691497194700815517788674474310054139842268545362971043549346215059414456460767480954401622943753366447398684130797017168657967534664536421785511749559746558400323248294624345710449907959698461800289716547319792005888264257639336263552293315139269610449243226677409237457113899458580663760276718259802199903216883173495088930432415048030816294722261890933881735684194379440648049366898980882317639172559711426393288095489160038526889159170117}', '0', NULL, '2021-08-19 19:38:35', '公证', '3b974cc3193f82d2c4312558d255ea86d66c8588fbfe12605593767e270ca57a', '65d72d72f9c25d06c2c73531879946f4562f4cd0f00aea6e1ab1daaae33288d7', '1');
INSERT INTO `evidence` VALUES ('13d9bd2d-114f-11ec-b2bf-6c4b90efac30', '5', '1', '{\"PUB\":782989122607781816110943003236624708957042079060503979298433271285707369964475497187018537629866155823326893124042292598791210100784761336979862063240832599443322838431091132518778898153687914971232946511782849626696438527940834417573622753367732036862599217775712140111288149463776663567082758894872073866953742212332297731278622350445813739350242339527073873159996807173973244042955140098505999303828786958386365726747593830667158535709112792705109283523975930419118294555137750593416925611632547197190140661589334906720465078422968834136389704049507129808789739841769993408298217571643858582743803018347130896268,\"T1\":1780089418376299012641514916220574551677111421318032938419947115207993465993518298925740173182824713045938148926848028897741155621272963200902123265057392769848227806282052506311415712964883876306561332162147079997512569957115271636425239087948577841275999352055167745955913161418485332784779593147126365983187003096206403500923031300308701518209544334803630970778058344070738797528489681301659733065101034016599825660517026795826165258229290627378000907830126453644235480275047147454250788054333690210204183969404090022871991425954335786140085196573301313000129811888560536931776162361926402130242043138276681406948,\"T2\":166872051432651425117765404772036196553119188490187704355924867690855130353162667406611098646183132194104613490321583032524604313371435109049630339519950698061813685022832413898027692576853875024643958386635487900969960464563983891087469584817008143614150468634237138473118327019673449427952494015158268936598542748276908844328530610309656150934376773928972499295304947808526808713152519559812308820922340208793626917658319905173060076198973328417494396557507589202837392385868376172486712999259946510780939017238042681857665032206932597903431498181215216324935899493940306484561708087536798308148407819128684588104}', '/5_test', '{\"PUB\":782989122607781816110943003236624708957042079060503979298433271285707369964475497187018537629866155823326893124042292598791210100784761336979862063240832599443322838431091132518778898153687914971232946511782849626696438527940834417573622753367732036862599217775712140111288149463776663567082758894872073866953742212332297731278622350445813739350242339527073873159996807173973244042955140098505999303828786958386365726747593830667158535709112792705109283523975930419118294555137750593416925611632547197190140661589334906720465078422968834136389704049507129808789739841769993408298217571643858582743803018347130896268,\"T1\":1053817495763761144439714887388312124429285359562295173925148214355935022695069462675079808785052575338988289742634884243692350337254453270427112059699687517950848380774676419022776761458170310662411595405032600119070173295734219131266863108963368795761131865114952727255665309355418052520405116022620933479995588845416998002832109724710860200995662457575519633972462101323754731680625973034076515871563215073676582180417741120797775711062065536741629010868637220151193729051091251011017749823658957669365549817529571957702942457229527706180660985062266966267252716289171266217104466208574052167744896764337272805656,\"T2\":4833097189977917266413981288244575922448961161630221481061483654092293904185034356745548500141289772895530299727229209503691374661769048622513241798921444371495372720531909650405227079675763092979819524198309561322007145892744358428676921113669443538404225960178578880594909789927013205050156988400091552621270657539961416620160422182189019958447240213902067596455053497726661239573398315981820537482267456574378318224481805454645662374508572220466122607287017777718218833536581442271204262720342249026283775509635867499889289598416605291666932881547167789408770991307089251780359506246834852645209840670196904793228}', NULL, '123456789', '2021-09-09 17:19:43', '2021-09-09 17:19:40', '1', NULL, NULL, NULL, NULL, NULL, NULL, NULL, NULL, NULL, NULL, NULL, NULL);
INSERT INTO `evidence` VALUES ('2', '1', '2', 'Barbatos', NULL, NULL, '111', NULL, NULL, NULL, '1', NULL, '1', '1', '2021-07-31 11:24:57', NULL, NULL, NULL, NULL, NULL, NULL, NULL, NULL);
INSERT INTO `evidence` VALUES ('28d25c29-11e1-11ec-b2bf-6c4b90efac30', '5', '1', '{\"PUB\":6798967868423276702114444274474198662111865274219112277942126917435390383475722201819103840117649781724179643230443841558499596189796378350119933735643774784493779355683614349497420599459853855679469138551929308901117558526123526245802465364998818605633840386618358283660401655371482573560595082837562891234540764847156814024120452987382558055989084936263708960870097011588115016620832157728373645216407758329974084810047962052822828861435232633911296028841107190677121282238061470496799200584668409334154635241772864201118715682992514159962496501800884940684809629277100122793333968047821645159421242592619016085006,\"T1\":5288174952928066871205422024449757575677780846110717387460835465165747842778516190286051054530678611523346377383771084176858347345939419290343077105748727402871170869759921732678752231727241866947544241966399681031227577761617390595277516581171116205026500492646488110009146000980799935456122092040327526570079478741628228127147066245798216384521554907945817151719346663868262789504109760981634915425467206183112905398562390627644248910109265189336609145814542642778625482735284699279325741058371755798586308104724696024785381676221198617252179718129619142560035607138359252790564801246537171597091857057685583219770,\"T2\":2318944648020730564584945058793420002355045673303872910728936991160052721652133174564917759947592100777280218258032705100804636681913753168738754572914968273680117612696441189938254635212773751710230480999610867469387043409034027877036340619456717052256233242804478600330488464435339716243409715269740647040633911000641149276797853647460047513742277407971916671008442238939557151369143765217094813657159921527346003845255448064176464476098037891518198534612334090898052356063752497493171622320371668690959989393364795561058675109851854135057973834924975580481968925720645116958484622167210950737739808086170702051614}', '/5_test_20210910104516', '{\"PUB\":6798967868423276702114444274474198662111865274219112277942126917435390383475722201819103840117649781724179643230443841558499596189796378350119933735643774784493779355683614349497420599459853855679469138551929308901117558526123526245802465364998818605633840386618358283660401655371482573560595082837562891234540764847156814024120452987382558055989084936263708960870097011588115016620832157728373645216407758329974084810047962052822828861435232633911296028841107190677121282238061470496799200584668409334154635241772864201118715682992514159962496501800884940684809629277100122793333968047821645159421242592619016085006,\"T1\":2109248249320878519075190914909174898410666593560155230432582756390799928364190820198984188322560923972924161762358961329008454150647329675436438732806429777521143680562977431043442385801092692720739301810525461876570358074451860040576109556187117640098419516707302529579282170454952139400478432672701294369568413936101215302396158778645977450486022330950616250955659772187841053391588165668526165511719829291725902661259018564517247384421945384725852530077010295073947888690536982588055724365650214264511104655051199829056457337668033691117485172071318988210497163734467849823078549269471614699838732399261808095509,\"T2\":346935167735144802106119950957180581504722899014765202459156566322534130739766818451865168353967085634165385002884034682526255720937294316004252854521311884472763699101841300720037922484760931508100705730807708602866317649556109873977160570118736170216117874170802788198796720748166914829301423907910240109518382411634246657484286456464435746152409594902229493244411626269489018644869096614038707485503131623505183167112788329197669596281536516406516988222421837247791812630594937781168845955510616111603949617413298590943260928166399360270456983605106564934503553670821685298328678546325675337278182720398457768968}', NULL, '123456789', '2021-09-10 10:45:28', '2021-09-10 10:45:16', NULL, NULL, NULL, NULL, NULL, NULL, NULL, NULL, NULL, NULL, NULL, NULL, NULL);
INSERT INTO `evidence` VALUES ('294010ff-11d7-11ec-b2bf-6c4b90efac30', '5', '1', '{\"PUB\":6326750368998138098755985949236352213442955119229089819879945154354267167562833217500176590459694129545774193381911750360881551931186231048311096856932243904418628258345076291199618655412011334442668689156614636108101472101410571163190984686478421807298375204773617731322276264281950648339902356287221420141794660514689116267434583184336906224808428291186535231260745534916693335639314117803727370193296447546346360271190036400824608505525650443721456889114051958188844339555235358627476455605291049814358867019698922587444776124636364233877850953986432612755222386709459550160528357441432960506614229695659466523729,\"T1\":5861450313039835972117471137018254972468895521832843471665930947856135808271162401339195504549784870714600480662340691294670691054058459397511925033619183356844272602284937678669666715150992210592833864275521777898377966032815083685415172498351884262112735217317001022966016366044158779364628802562742311131049915604761384695616794524375436861554047937472779514261974902001139310361660556429855460065360851384842666217148127041203516533524776645976292727300093694509072233001057244595679766417805334628604819869461775304608660569838269122295833416407658107424142145112396690262830859153940258361214562879987266578137,\"T2\":4911128488234804762399676454796591789152607314558998962741515366265084915188584311036413011373182866328411825460216937082585643509485042178302173066863395645625296721815060591566582728983115622130524793083142915545484071015088010676575448680852361663482886123165032909396977168690910959682009662315751814296621603603522656518556368600974519869484753944002502610892991138050558544350906817999309103534544041791525230742604635672209605917763175585088277222201065750136070661772212158642550409006796358864888766651929511495164684875328203139580682496297809531105323478608972445696951394499735869938334735055555241288146}', '/5_test', '{\"PUB\":6326750368998138098755985949236352213442955119229089819879945154354267167562833217500176590459694129545774193381911750360881551931186231048311096856932243904418628258345076291199618655412011334442668689156614636108101472101410571163190984686478421807298375204773617731322276264281950648339902356287221420141794660514689116267434583184336906224808428291186535231260745534916693335639314117803727370193296447546346360271190036400824608505525650443721456889114051958188844339555235358627476455605291049814358867019698922587444776124636364233877850953986432612755222386709459550160528357441432960506614229695659466523729,\"T1\":1226527222710060174145455206131245058933077488181312046526610352918027278461291485927216212357349429629062601078749014286513248519953622804243151367619729743289469680533455478302149218061248484246017749061325167308875792547329577317429562752962248705743667161528390955199207076089681270850056702985075152638795734809212982737384414068809162920360723310970612185858410547869149647454739626495284930288969884527275253625345203618041001829359355773731965156662883347133678583425726958127136230327526572747848379674787113225896189573744256259437769248559505273626519772852617453249437190564608895120811911540179659106564,\"T2\":719634054303321066858389856681097374737111155936967142677556466834899170081197708511315949265363572837372210585483029846617749757270630226156159633968001139256539775162186866865736549660446952988287822059407586119669959447187501691310828458195026418961804665824055263610986256188545886980011972786969176798708470174434242401346606415532881137943047017225953066305533640122213012505312320042664265565704802750974836939416279968317769034523324222503513281919268885748710830524592281547993709614188046819831233374240900187771427583260643673308749882838518005949209583695233766565618205503983766300629835124817728637025}', NULL, '123456789', '2021-09-10 09:33:53', '2021-09-10 09:33:32', NULL, NULL, NULL, NULL, NULL, NULL, NULL, NULL, NULL, NULL, NULL, NULL, NULL);
INSERT INTO `evidence` VALUES ('3', '2', '1', 'Bael', NULL, NULL, '11', NULL, NULL, NULL, '2', '5', '0', NULL, '2021-08-04 11:24:51', NULL, NULL, NULL, NULL, NULL, NULL, NULL, NULL);
INSERT INTO `evidence` VALUES ('398b27d2-11d7-11ec-b2bf-6c4b90efac30', '5', '1', '{\"PUB\":3564015422384405558003496202448632089445617129942397792383714658387353627330013731592922134825600312768540711247016819780754364840642923105326526852709944303345933397507157776475451649505106696257758372697590398508825161540107826595527208179533647173857648817960966697127376210925530666879811411685398750148902595987020199357527200008000996893163591970046673149582443903970095155976245154447117369161561201936712769524739018137505921457826604274057439582143181450764856340350589451591208347435892408896918350735602387484212737414917480431433728681965802196806061216719559056978022075602588591033078971661559551569907,\"T1\":781633310179703714447369674833849513325522016520867343506383531464593452955609748231392063984892801847610688191579082577087787182512759357915570095249952805467184733614415307134250647490883676286024586863643815608522223191007523182701705293705974361950289224364454408163192900960660596827489687516964229120549248661727514325143745957308190820645336071720569055595709369538754057709224600313015905279500580934643495871688652413442137214235885046834532011271936656028892325431846018459618633203822553824640951121494836878482289017640869432928990885933930720711441239299905782766947592301254609788351214272641420832490,\"T2\":1580896504513956164996240376539786689119274850647500109326088269164279551110882274578334669473078243309915491913790370556361536493223677714345414171105453017316799149813238922328076591611190773355833607948949630745435874152394320285174183772808392983235357975272253269652484808678959700650196178755504971658403553105821508103619036664181790669794218457984310297210331008426823809826163356138069209555438167632671899941095388217483081170034409838308771587595079541242661122920700802501416751079382010832538885585419003174428606229850157203174752144624810876434700232773336137287431091181983633770993922481382990839316}', '/5_test_1631237654', '{\"PUB\":3564015422384405558003496202448632089445617129942397792383714658387353627330013731592922134825600312768540711247016819780754364840642923105326526852709944303345933397507157776475451649505106696257758372697590398508825161540107826595527208179533647173857648817960966697127376210925530666879811411685398750148902595987020199357527200008000996893163591970046673149582443903970095155976245154447117369161561201936712769524739018137505921457826604274057439582143181450764856340350589451591208347435892408896918350735602387484212737414917480431433728681965802196806061216719559056978022075602588591033078971661559551569907,\"T1\":1572034471683079091762070509855208635679565261152939284492999740312101083640862580576555501519586494932231750579883297748585324525931864208597756560888717260812031180869211202005359378459372587321801174679422596864472738418077207138971559622502169483490406673763411386507762305569598627441077196872847500538120233418421312359898717873377590926851060224207599114511790111179530822538693837259068794263665226940734922342706723173449090226201736245566070744602185409477182887829623331043810396800822186817495143568166142468251876321155738495857969421044334306329786543064281484354778169313957479060717511041519888855248,\"T2\":4534043804883758554951090716379543326716550259730826438103819278263875906288445979296400470017406107481395911060970520839166068938791080511246372990442454594404788476067169077104710829502432047943872631338910569382441037972858835832987466472278037824909643972111742690073112320946675507317910671587040174648827540961427891805925894175455959865318004202754400144084072628842529343762206375192320609830884649757069381337549887942894029268802261250366954885162115673892009777376008881734040780286897834018370334046853643818874188297957747775574774974539556663162575868102055170252353388371472141069536422293986252661074}', NULL, '123456789', '2021-09-10 09:34:17', '2021-09-10 09:34:14', NULL, NULL, NULL, NULL, NULL, NULL, NULL, NULL, NULL, NULL, NULL, NULL, NULL);
INSERT INTO `evidence` VALUES ('4', '1', '3', 'Cimeries', NULL, NULL, '1', NULL, NULL, NULL, '1', 'e4ec67bace524705bf5ae1e49e0beea3', '3', 'ad5c9699685647059c431ec89b8054c4', '2021-09-17 20:06:26', '{\"PUB\":1140560574649449797430905627823971801624776634964478545248556144069293922307377837420963963704228346226002577929703166336959627125516685580396090323367912717896514201496296677773003690834484783512793181701849897316838933291642894772914565287875369768344319964232001930556025236420941378077922662854080126952948266011534353223903181192807177113538718269060067427445744123528498146860729893703413491007441553206296552390964436048026880287993794475863287669000789981603282826270818067091687304868421853991400470075229513558749521555628372478035974396178419781849869184990558844908837121850308807549499795366390188155546,\"T1\":5211713795179727760240097966968588090534390759383042202911998915794699633960335559573856006791871442601015037358217841433851401158494883624485750410159077682122492302955649656275747496371193206697572441459006491258189745778147272712895048588573794238771944997782086985733947186116577404792987947568429123027826476436084552087266313040415326448556819758998207947925359081741798942270447370451399658466931384210783929684610236038079462605099616725668483275213460766726444259600700099267694190460155599272139654311870709094256772186638995187391055050348159890981265862986299611299846604514902774111279736800313712287409,\"T2\":421654887833185260181506667387762306914577063000071396146958098396453311278344261531157829945661902486052280601856030222451724113699643294618874994523988151398410690551226618340490018596812001735428901675695819761662997577196224653690379446101950305118232570328142508217406530218518871823676450567871931751989249254873116295077304412147447249130729005861989551698898788926895978993322576806738196373163344707876722888256929375681431165804867067074771764760744449313210555197182480648352038597702097929494559541260958187189741177004992541247914461239940486167282448555240539201994725275273837182026015406075223193813}', '学历公证', '公证', '2021-09-17 21:40:25', '公证', '4c3775d573728011377af3075645c0b62464e8d6621bc4a43ce6d7127ffe4443', '90c5830ad4c740bbc3a32e3d29b14a82fceb6d05c068fd8dd88b3dd64066f479', '1');
INSERT INTO `evidence` VALUES ('44d69958e4724bc08256370ec8d024e8', NULL, NULL, '111', '/null_null_20210917221938', '111', NULL, 'c7a6557ba52fbcf2e88232e80159d89f9ba7ae60d60bbb2c4704be84d77e8bb8', '2021-09-18 12:19:39', '2021-09-17 22:19:38', NULL, NULL, NULL, NULL, NULL, NULL, NULL, NULL, NULL, NULL, NULL, NULL, NULL);
INSERT INTO `evidence` VALUES ('684054b85bc44350a0adebadaaf3471f', NULL, NULL, '111', '/null_null_20210917221819', '111', NULL, 'e579bca79e694cbb659a7666b91078aa7b0ef218cf079fbc5832169a740a8f0e', '2021-09-18 12:18:21', '2021-09-17 22:18:19', NULL, NULL, NULL, NULL, NULL, NULL, NULL, NULL, NULL, NULL, NULL, NULL, NULL);
INSERT INTO `evidence` VALUES ('d10c36bb-11d6-11ec-b2bf-6c4b90efac30', '5', '1', '{\"PUB\":7837003767065855406663273364855754259548572527789015878390580383917919858049226774154703862382174750446476623050554596325059459939184405802839792343160071425491916881607676173153508385456663177398954227795698767156346582603274327272211205127912172699654870186036249325180830121291891911612068088844401890583990774679669764226561491977826532743775300909382538567826300033990083163152355887514347514683031508836204166084475489418152271474256792273868634453442727827484700888616732528584195873072511508536926490527977201984704270992854845250461080672480110479870374331906737210806318138987476336303032744088578472892238,\"T1\":4857145446083779295687939793442261909168611712832274727566492658259136966225666903139092023191411253079233150990007275217951579973644164822631539908266720582390427140301910291874091102826498291290909770520164993428589692107929766162806241573382896762239604910248307981113201997436240408228367250253335008536410746318321624116558561727116081836243524637997380503216578461460393510530233213608570566940621303583413478074941726716451378580782158916416180975341025583153494176476767503583906903824647873880840119357173210800717837966506971770972015861100359247799723625120213531712286620505260095830245787100561602133854,\"T2\":3576425990472325461664227778151424949182011192438355451176550923261433955836510697017899258345784183212584279246565081591669947428513182872002220043600597189122490219185251703721280458742688249727107341294476638824787426933379859380857936637525002262086860051113388117005739799426095633433498484125880102736402666845221271167644007392225081492318798700668807172690078467061167484023064545378144419971496608149221364209205244187843595559660709805581865584667670026688630300604586241856391742574091756539068410994034084542387111754666408936347017451213809220572518441917615431874536696284869495635084289683157139565686}', '/5_test', '{\"PUB\":7837003767065855406663273364855754259548572527789015878390580383917919858049226774154703862382174750446476623050554596325059459939184405802839792343160071425491916881607676173153508385456663177398954227795698767156346582603274327272211205127912172699654870186036249325180830121291891911612068088844401890583990774679669764226561491977826532743775300909382538567826300033990083163152355887514347514683031508836204166084475489418152271474256792273868634453442727827484700888616732528584195873072511508536926490527977201984704270992854845250461080672480110479870374331906737210806318138987476336303032744088578472892238,\"T1\":2574226485802983226445250394726633916320087633609399514533720403730337181738322213160075503009815605318291510460657575338258319927239046843075405687870200507259331698102547336573228633634068003536751030415914550538528255531841144848188416835050610850954059997452162178828206705358068539383006267140776682211217770195925395459605630347528209399438861761034246879707486502354463996934300499327179500464765604324261348351567038338746938685819684290363297720014213014859978313556676703200761637562060173043449799251187555597301800428092930224107586565629649878858273602459455570638546894628328844768234511834020165660028,\"T2\":7760995501523285612940370713516404971401683621491649500074114348791460090420470838240741999589903428466747336524796920767685025191362256897576444095681393095131110673717441614117883695766558881172655949971458074480583432903697511578970322918956737632130599059446674661362728498495353879907566365071230384739155688310920424548018531213612879273790227157024732583957282022806776659278052661934678865799717743676684171995396621060110142743508093790018286441674372063635928484812744629139003770667496999732219809990220329506533519179851182755902802505912973264848855815350062284612662862073500919079502607224129815005001}', NULL, '123456789', '2021-09-10 09:31:25', '2021-09-10 09:28:19', NULL, NULL, NULL, NULL, NULL, NULL, NULL, NULL, NULL, NULL, NULL, NULL, NULL);
INSERT INTO `evidence` VALUES ('d39e8bac470c489ebb823b6a59a8c08c', '1', '1', '111', '/1_证据_20210917222547', '111', NULL, '21bf3d9eb8fc0e15ea974f56f74bc280a5ee8c8690033d1db052cff60180065b', '2021-09-18 12:25:50', '2021-09-17 22:25:47', NULL, NULL, NULL, NULL, NULL, NULL, NULL, NULL, NULL, NULL, NULL, NULL, NULL);
INSERT INTO `evidence` VALUES ('f116afe2c17d4d7d981df3cedc7e1956', NULL, NULL, '111', '/null_null_20210917222020', '111', NULL, '23ca38a53a5c0a89f5d1c161cc83727d8a656e001c753ca586aaf7eb7d30620c', '2021-09-18 12:20:21', '2021-09-17 22:20:20', NULL, NULL, NULL, NULL, NULL, NULL, NULL, NULL, NULL, NULL, NULL, NULL, NULL);

-- ----------------------------
-- Table structure for manager
-- ----------------------------
DROP TABLE IF EXISTS `manager`;
CREATE TABLE `manager`  (
  `manId` varchar(255) CHARACTER SET utf8mb4 COLLATE utf8mb4_0900_ai_ci NOT NULL,
  `username` varchar(255) CHARACTER SET utf8mb4 COLLATE utf8mb4_0900_ai_ci NULL DEFAULT NULL,
  `password` varchar(255) CHARACTER SET utf8mb4 COLLATE utf8mb4_0900_ai_ci NULL DEFAULT NULL,
  `phoneNumber` varchar(255) CHARACTER SET utf8mb4 COLLATE utf8mb4_0900_ai_ci NULL DEFAULT NULL,
  `idCard` varchar(2000) CHARACTER SET utf8mb4 COLLATE utf8mb4_0900_ai_ci NULL DEFAULT NULL COMMENT '密文',
  `email` varchar(255) CHARACTER SET utf8mb4 COLLATE utf8mb4_0900_ai_ci NULL DEFAULT NULL,
  `sex` enum('0','1') CHARACTER SET utf8mb4 COLLATE utf8mb4_0900_ai_ci NULL DEFAULT NULL,
  PRIMARY KEY (`manId`) USING BTREE
) ENGINE = InnoDB CHARACTER SET = utf8mb4 COLLATE = utf8mb4_0900_ai_ci ROW_FORMAT = Dynamic;

-- ----------------------------
-- Records of manager
-- ----------------------------
INSERT INTO `manager` VALUES ('f61d3be464934359baf7ea5be4bf170d', 'aabb', '8d969eef6ecad3c29a3a629280e686cf0c3f5d5a86aff3ca12020c923adc6c92', '119', '{\"PUB\":6682581182268683001901470919472614996472860109888209985202568941519957386891970752582753830134685975492467037074792714521305765358102490287913246861465707605522356818412440667899897465318098117071119046465009489865390242846274650699673937491191632036401320141541796863605758703736288174114871973781089278583432809558116518031808665173328649058805338630357428428181193822372998382861772354285018028350032683826988271050289006118112401055351196321848394212712819188185283468825655626218574915852930181130738345478292587056643924476701824484845161356668383941366439430084157978508798194552462881201738989851617451368560,\"T1\":2076606646066278410882142936291254842789950178362931285407576086605672807550983465521126072053926644637216392463443603018438935457580378039386724267679953007863499026922586736394282908449330782567555717800925397864522293710454258951251905926158317158900529145925181660721199804532890016298634352417592371666264411123504280952242660688303685123111821771451214958049734832497643407436747422878690127785721448398166863420915246610783107687537199755891006862799057511612252038499006752729616656188300178432624593146181143519911956693814827609897490774388414383294713643502132753903444370406361032141244667708666220327252,\"T2\":942824060825812480743071567072634519227596057927480054281927326805719677598696754384250167103728877878947686160065303016601697196801378843155984287944888861368569711566176569466352071416612442072239663320728390976890837145005399656268597652885375374495822225658633602668229596350965699253521584118165925729619658015118084361153982291391084746117768363866451679209981231135622419402073998031272410119058304291599551157815361337631955022866725412336179293971834069748461393829134946587824836897398331564512552555118676519217839336104352824978684343343804868017046073157081107674371914276834538813687339325886578638637}', '110@163.com', '1');

-- ----------------------------
-- Table structure for material
-- ----------------------------
DROP TABLE IF EXISTS `material`;
CREATE TABLE `material`  (
  `materialId` varchar(255) CHARACTER SET utf8mb4 COLLATE utf8mb4_0900_ai_ci NOT NULL,
  `notarizationType` varchar(255) CHARACTER SET utf8mb4 COLLATE utf8mb4_0900_ai_ci NULL DEFAULT NULL,
  `organizationId` varchar(255) CHARACTER SET utf8mb4 COLLATE utf8mb4_0900_ai_ci NULL DEFAULT NULL,
  `filePath` varchar(255) CHARACTER SET utf8mb4 COLLATE utf8mb4_0900_ai_ci NULL DEFAULT NULL,
  `uploadTime` datetime(0) NULL DEFAULT NULL,
  PRIMARY KEY (`materialId`) USING BTREE,
  INDEX `material_ibfk_1_idx`(`organizationId`) USING BTREE,
  CONSTRAINT `material_ibfk_1` FOREIGN KEY (`organizationId`) REFERENCES `organization` (`organizationId`) ON DELETE RESTRICT ON UPDATE RESTRICT
) ENGINE = InnoDB CHARACTER SET = utf8mb4 COLLATE = utf8mb4_0900_ai_ci ROW_FORMAT = Dynamic;

-- ----------------------------
-- Table structure for notarization_type
-- ----------------------------
DROP TABLE IF EXISTS `notarization_type`;
CREATE TABLE `notarization_type`  (
  `notarizationTypeId` varchar(255) CHARACTER SET utf8mb4 COLLATE utf8mb4_0900_ai_ci NOT NULL,
  `notarizationType` varchar(255) CHARACTER SET utf8mb4 COLLATE utf8mb4_0900_ai_ci NULL DEFAULT NULL,
  `autManId` varchar(255) CHARACTER SET utf8mb4 COLLATE utf8mb4_0900_ai_ci NULL DEFAULT NULL,
  `notarizationMoney` varchar(3000) CHARACTER SET utf8mb4 COLLATE utf8mb4_0900_ai_ci NULL DEFAULT NULL,
  PRIMARY KEY (`notarizationTypeId`) USING BTREE,
  INDEX `autManId`(`autManId`) USING BTREE,
  CONSTRAINT `notarization_type_ibfk_1` FOREIGN KEY (`autManId`) REFERENCES `aut_manager` (`autManId`) ON DELETE RESTRICT ON UPDATE RESTRICT
) ENGINE = InnoDB CHARACTER SET = utf8mb4 COLLATE = utf8mb4_0900_ai_ci ROW_FORMAT = Dynamic;

-- ----------------------------
-- Records of notarization_type
-- ----------------------------
INSERT INTO `notarization_type` VALUES ('ba0f493bfcde4cbc843920053ccd24d9', '驾驶证公证', 'bca3a7117e20432da46c182633d7b372', '{\"PUB\":6481927990644904075091189285588890218553699072536809741565192518717855996481237274758974599049924729114512293276896425264436346886043637886254902154888892227156597965784718578234674455504311216680955514008448589594375969245733443079814556367313686386969067196276716537243301774773351518738579965436124711926257936908360615374820623805303237503097667992993745070873811105101363154443086306877995492986913996107115293643541213180320739448497327955560421995995680275329093845762614059517942402143503021678820187246446217755360726720168579087719586830372114519798220529458993927754789409937934998624135488560826661693370,\"T1\":5730685514290534343656422494016879052939508931863716897239627534149181273616643823054840851558639005155931182086161552053274719272900468897286197134725998052848327567796996752143045185658944071987196381290169179309897998342189433720058599760282492419322437743948129346915985749576171976343085217038190597671400139067375641663843520799409317460820081857845124002253529184425009127955211066375217059883573178974017304581533604923808234342604034926792106196089265668131956034269962636655297563492100850887936409274954461839781335669988168669526702853358854310235574312315438642661985547368052469158394083902333948128308,\"T2\":2033908482252261367864170002928357379631280676116445959904069575099735468241518906548353730899792853107484289811835391340277616508650117134359950430998164048082527859336657160476422179005653921428828924520774035387101559597597220819216043678628688728527361225316954201243576626561235721196704254686096719300925162421970596432254463668796759369517183834039831175486536713091642719945742719422428243361128340564972855094977391056099700359075661010947750547811261769612693683830269931108521237730928469646848862133704005591971095517415891629306982537733784845498487055415137859666852504503029047736353091713534141650391}');
INSERT INTO `notarization_type` VALUES ('bbecaa6a39fd4f39b41b4d609e6a5a93', '学历公证', 'bca3a7117e20432da46c182633d7b372', '{\"PUB\":459441131529084391315065609490847221606935047183927602335575969346245130691754221764351128791677414257380718344435674499650967909902357391732674879590530720132926440800956596398573876634034954751702915507645431892556854006892022505169437629017661700691003233237713372505178656751579402971955511809642393459024633092654831358915702608607980895329031945270075564382322954918489549469181846824369629805647219641638719545694367452916777187544792514583271009637085972737628541506489721963894639703786407000690379973653770480367756641800970268750781376844284119393407168227140608213649563614514423186413957099742468414850,\"T1\":785114526494280054186261527342005660126144289573983708150978401766332331857501242223684874501387751060222026914709182352145267509247214704362085052395820174410737959960730386167514960817497464970792219725031391270481629472659195656657943007819502227838258332852301511695473687500281935971364563208648589775220357790403763607470267224615456818568509100300610835723449982233089014034550561499198916706203619619479484104618807848562235593870104875215284235990754134300104255467619472489129519868927826145431532512297071249877079056244130744763035295262844597149702634585221700538989568580238820868860632349456950261953,\"T2\":2787704651288811071899745378446658488830387814108826615279795438575340403460196043958985747992678732806033786467978283701330543238271898362758214362806698275813042063327947014133342674494619020119738887383061708015144347142264300649142967543625183383036491250095170005252077794313899628329196354811607768020342845619911285562370654500523295494370005147834944127255852123054892332380810562603707253645265543105563162039826331552136690838330888553086322807713467249308356146443957100803951469703727895893804469964177530457172280519257510324156711467051792110025399651959947833740342785529013724447970180772306472708620}');
INSERT INTO `notarization_type` VALUES ('ebce4a3fac8040b5af329fc68cae2a18', '房产公证', 'bca3a7117e20432da46c182633d7b372', '{\"PUB\":1727398453591244038954260690910045235093009302534577290504662978689523608039067470190996085334503142392503540482613134373563904729999924289909802070793720739568514270713178554305844182314259798944889702245755837813061466829796416138453356584971209814909624866653717716036628336407420682689142588988638539261356329409434494419398330704972407093229480654279471380480715778357042767169903709975457428512736062753389205623685828394501190849756611555967953855376758492017612912747690903176450620876662387564340592975423533068117193636328057707581764203104286964522193093715296764566935398284430745685526493977055169890259,\"T1\":357906368925508683867879646259166495807443966636360956680897945147467348760566449273813293578342203388846612335079458123406266445264240942473691865367270856844265585809049508616745136397093285386029231315679534091539046835435364959687044824154709702380352822658468825139729081971155972457866012416881784889881106625434999134997822783483131964495090346785448325719691444529824074914002974339357401773052225459467263395331501993127312284318674988250135671368596488523920969961824281644986521181066971610588792850546099649061078790756532985461211789850637816146439983377630419191413238600929519520263901194145126978734,\"T2\":2293134815330840455602867001835754619440499555644855944805826780545353141368163575881870274039245845124348895580088035225262552795695967797080438389601280195526145894495382567554893494213498738553905637821086711030531166877156948134206174958440286124816593705253828293519344013667599553371947059047023961858305080452945563261450491350699653950330950747893769286142056749412987080624191958009121401764850086415794657179485725669041270696049028067630711539355576614635411824160610804001279554987008394369676229231231590113681964032667088043239043548632710586677108215231159373633393628320830230393408482300642898263174}');

-- ----------------------------
-- Table structure for notary
-- ----------------------------
DROP TABLE IF EXISTS `notary`;
CREATE TABLE `notary`  (
  `notaryId` varchar(255) CHARACTER SET utf8mb4 COLLATE utf8mb4_0900_ai_ci NOT NULL,
  `notaryName` varchar(255) CHARACTER SET utf8mb4 COLLATE utf8mb4_0900_ai_ci NULL DEFAULT NULL,
  `jobNumber` varchar(255) CHARACTER SET utf8mb4 COLLATE utf8mb4_0900_ai_ci NULL DEFAULT NULL,
  `password` varchar(255) CHARACTER SET utf8mb4 COLLATE utf8mb4_0900_ai_ci NULL DEFAULT NULL,
  `phoneNumber` varchar(255) CHARACTER SET utf8mb4 COLLATE utf8mb4_0900_ai_ci NULL DEFAULT NULL,
  `idCard` varchar(2000) CHARACTER SET utf8mb4 COLLATE utf8mb4_0900_ai_ci NULL DEFAULT NULL COMMENT '密文',
  `email` varchar(255) CHARACTER SET utf8mb4 COLLATE utf8mb4_0900_ai_ci NULL DEFAULT NULL,
  `sex` enum('0','1') CHARACTER SET utf8mb4 COLLATE utf8mb4_0900_ai_ci NULL DEFAULT NULL,
  `organizationId` varchar(255) CHARACTER SET utf8mb4 COLLATE utf8mb4_0900_ai_ci NULL DEFAULT NULL COMMENT '外键',
  `notarizationType` varchar(255) CHARACTER SET utf8mb4 COLLATE utf8mb4_0900_ai_ci NULL DEFAULT NULL,
  `publicKey` varchar(2000) CHARACTER SET utf8mb4 COLLATE utf8mb4_0900_ai_ci NULL DEFAULT NULL,
  `workYear` varchar(255) CHARACTER SET utf8mb4 COLLATE utf8mb4_0900_ai_ci NULL DEFAULT NULL,
  `position` varchar(255) CHARACTER SET utf8mb4 COLLATE utf8mb4_0900_ai_ci NULL DEFAULT NULL,
  PRIMARY KEY (`notaryId`) USING BTREE,
  INDEX `organizationId`(`organizationId`) USING BTREE,
  CONSTRAINT `organizationId` FOREIGN KEY (`organizationId`) REFERENCES `organization` (`organizationId`) ON DELETE RESTRICT ON UPDATE RESTRICT
) ENGINE = InnoDB CHARACTER SET = utf8mb4 COLLATE = utf8mb4_0900_ai_ci ROW_FORMAT = Dynamic;

-- ----------------------------
-- Records of notary
-- ----------------------------
INSERT INTO `notary` VALUES ('0ba085d24f8a436c96c2958916b6da02', 'aabb', '123', 'a665a45920422f9d417e4867efdc4fb8a04a1f3fff1fa07e998e86f7f7a27ae3', '110', '350121', '110@qq.com', '1', '1', '1', '7000731928773135358172628675926367359647117244563351418939707811484625973811235046189865407803916966584880968894858681093404558903352985658035718429999766603704371757995076974587100419449197637199069792229865438314681297430337360919123218146020198908479162047620243635865241835446299653284984265694894620750752241795013983883594270605003787930814984277512280058746014168317301055634607723849938323847630487662146752649113842967826339954494706525194060393840520437728300740843046474231216664038966873054446501638136705477484137351949716442772152770269166512153443133577620400504574169186346747999648216619055427257252', '10', 'CEO');
INSERT INTO `notary` VALUES ('1', 'Nephthys', NULL, NULL, NULL, NULL, NULL, '1', '1', '0', NULL, NULL, NULL);
INSERT INTO `notary` VALUES ('2', 'Osiris', NULL, NULL, NULL, NULL, NULL, '0', '3', '1', NULL, NULL, NULL);
INSERT INTO `notary` VALUES ('2d9a232640b54f4096b8d618aa2915dd', 'PDD', '123', 'a665a45920422f9d417e4867efdc4fb8a04a1f3fff1fa07e998e86f7f7a27ae3', '110', '350121', '110@qq.com', '1', '69c2be6d629a4148a4517f7bf4d7112b', '1', '6873038110033014625532450211726056959022811044698638485216794668318974449717266666925509685630713842829677194972868058534681242427259812557556974124249778457500266496141413145246300118694559143415702771132154986093019788102122230418453993878318658055377889553364230711091900596302216368481344072197433532884646079488380336438988079365995360822841260592264483709895167932450779187264015613067727711481154983322344614455501343114662713880568077835398346001609433232032108246762583129087659651332245751490500822744282549549515393419075393766807822474362572918152455819441085340736151991908005784087168474069744646495757', NULL, NULL);
INSERT INTO `notary` VALUES ('3', 'Nut', NULL, NULL, NULL, NULL, NULL, '0', '2', '1', NULL, NULL, NULL);
INSERT INTO `notary` VALUES ('4', 'Horus', NULL, NULL, NULL, NULL, NULL, '0', '1', '0', NULL, NULL, NULL);
INSERT INTO `notary` VALUES ('5', 'Amon', NULL, NULL, NULL, NULL, NULL, '0', '2', '2', NULL, NULL, NULL);
INSERT INTO `notary` VALUES ('6', 'Medjed', NULL, NULL, NULL, NULL, NULL, '1', '1', '1', NULL, NULL, NULL);
INSERT INTO `notary` VALUES ('d6a95a372026408fbfb62ec64162a95f', 'boluosaidong', '123', '8d969eef6ecad3c29a3a629280e686cf0c3f5d5a86aff3ca12020c923adc6c92', '119', '{\"PUB\":7821466000390714542765477325237729066632503026827938940567320155634520580045114973609951538920672838950441837139561878643724288713846206821076621068598212472508300669252502080454023004035017663940097578432444659131674119173177665413575636718675794328854613442075368548444398305737014168210381700417083311196712132355934804213614600336321539954275566820549297637230966717880898666360484855823210182773620945774470555173159723352736288201819880002350562712244993532160982786612701082139228421238265332581666298512824190071882540081041605087734682383475137042284990167329011613340463140516347596997005416791307172095146,\"T1\":3392631068809598658109626495681464708971156007755608338781088559612448050617957866128929701231065906741736046086737023361853213149811796619365128071365011658028093839576827843739496870418694956075672899724894326515129779174198921006058228632109629234629644500689432792182306696816283716575058694335127815292011847604468511320260868701925547165869704202921621711453709915201343509296187853045998557989512213033525940493514034760547257786880122107582111595512128381096629834246243844738231188232350160665906115009486259118569886331145910548032344939156962535313788262483244928211076410569292219280381668472339240306894,\"T2\":4932272371769523438306739461190336914779229171465566036964265148626310898660690729062148158495651034934535781693512019414007559453304696886249432691610292000904832816552663581429616057940614088438613891330926401663803290462019448780641008455966316987794141234148852494652239483864882612564463467157073486574966609917685427037227923085194611400802987977341550968317461746552470848262876832649721601118235691871808794619350568361613256282833942289167251308292848352892999396233983877210637133197449095400761846945093456771218892467762161685829724199459834172765068170726064895931285425479244299657267450586317647387069}', '110@163.com', '1', '2', '0', '4640109750962408999726464821726754274021881481247219068066909739650239701487250518958721847485240616280602898758381802666647721205481692967711347006582010725445147180519838969921414653796239272905193074335264246006122041169290634140205115533174593433137416771657640722670261297290369276835126195908529172335392309807906856039461006834166944634298520004889502913965538893668269981347600082128822898143539981220548774274925906343042470629307098451140956346900003962411277563244605459261240863711173427570493500776779311353797078486176749452330618837601788120026568236516136297048342136082330411777550936590461505818610', '10', 'CEO');
INSERT INTO `notary` VALUES ('e4ec67bace524705bf5ae1e49e0beea3', 'yjjpaopao', '123', '8d969eef6ecad3c29a3a629280e686cf0c3f5d5a86aff3ca12020c923adc6c92', '119', '{\"PUB\":5454497352582702728541591517298026055272153042444497315685227938516982479805652269628005987979067271539020427828023047654294106987202209095726556431890011476799428453211472498149587658384930949170891011377202903991268308732962174970110669837074141797013326233558644083772489161956988833262723284774435701958087396624636474488401753898533937562050393042197452423217332566698692109557472794058444184130471019304032109288456716571736578103091116106085336095768120052376635340338615389308644930560625863142207197099005483651124879799703768626729899973583283720110408906491179765327326722116170455854159063583334120315480,\"T1\":7466882536277553626506381302118202556148590156725207635433822188289701712600229522481442960847918656663989135061120202323374830335296104000400834344440970366744218455005414058989321184945684274128849186897337988078391941231413811145101904115764172769896273785411018910972598093953036879878002299626647376256397001387377069635236931706769441942463606973583666578509094038106950792045560555656211275042548238928533688435621719613815685976587475790575904452691107888876203400797030642101356581077056419647577619444716051750346676454502188165984449000835213706353656669138590723312701584968099611890848367963726056820733,\"T2\":4290611864127073371084287032846236219910530172916797271608866376586366240552463275679454634508263259865579718469451456996873154820803246340407454928833496066938463737922714735901827718934518196194507238439709506410476578008645664219396080687630418507311836821425919596905160289737990000535982764197734814169427820518054768784167133036819699776165316788910446480592027826713647693727700057504042700207565101274933545160328953121331187201496065661979468548852484958322070863927488498224471833941193320249080015324385715883809482891086389496987246679375017006338112047284466436755564808199488102160512555490314086152089}', '110@163.com', '1', '2', '0', '1875252014894255870216755749170683381007441429184839513375239465807399688565331203248670088760233018426587873116296203997814394289465631974562552526389741919412171520835149225065966716836057993577220411361572372673370112149834308617546788674946266210914160468242962393146264486678726988875832348795703201690835154338111462502306456639555766071966523014352145972031063999898305508623529399190773635966759860153841484685746389097446979854357526763811653747142917217750841886402646861960609938127670525326107684955200764330647531306730774363761569821227145959405667262779648819212787125238091980818214769468153425447969', '10', 'CEO');

-- ----------------------------
-- Table structure for notary_statistics
-- ----------------------------
DROP TABLE IF EXISTS `notary_statistics`;
CREATE TABLE `notary_statistics`  (
  `notaryStatisticsId` varchar(255) CHARACTER SET utf8mb4 COLLATE utf8mb4_0900_ai_ci NOT NULL,
  `notstyId` varchar(255) CHARACTER SET utf8mb4 COLLATE utf8mb4_0900_ai_ci NULL DEFAULT NULL COMMENT '外键',
  `notaryName` varchar(255) CHARACTER SET utf8mb4 COLLATE utf8mb4_0900_ai_ci NULL DEFAULT NULL,
  `organizationName` varchar(255) CHARACTER SET utf8mb4 COLLATE utf8mb4_0900_ai_ci NULL DEFAULT NULL,
  `notarizationCount` int(0) NULL DEFAULT NULL,
  `notarizationTotalMoney` varchar(2000) CHARACTER SET utf8mb4 COLLATE utf8mb4_0900_ai_ci NULL DEFAULT NULL COMMENT '密文',
  `notarizationSuccessCount` int(0) NULL DEFAULT NULL,
  `notarizationType` enum('0','1','2','3','4','5','6') CHARACTER SET utf8mb4 COLLATE utf8mb4_0900_ai_ci NULL DEFAULT NULL,
  `timeFlag` datetime(0) NULL DEFAULT NULL,
  PRIMARY KEY (`notaryStatisticsId`) USING BTREE,
  INDEX `notstyId`(`notstyId`) USING BTREE,
  CONSTRAINT `notary_statistics_ibfk_1` FOREIGN KEY (`notstyId`) REFERENCES `notary` (`notaryId`) ON DELETE RESTRICT ON UPDATE RESTRICT
) ENGINE = InnoDB CHARACTER SET = utf8mb4 COLLATE = utf8mb4_0900_ai_ci ROW_FORMAT = Dynamic;

-- ----------------------------
-- Table structure for organization
-- ----------------------------
DROP TABLE IF EXISTS `organization`;
CREATE TABLE `organization`  (
  `organizationId` varchar(255) CHARACTER SET utf8mb4 COLLATE utf8mb4_0900_ai_ci NOT NULL,
  `organizationName` varchar(255) CHARACTER SET utf8mb4 COLLATE utf8mb4_0900_ai_ci NULL DEFAULT NULL,
  `address` varchar(255) CHARACTER SET utf8mb4 COLLATE utf8mb4_0900_ai_ci NULL DEFAULT NULL,
  `phoneNumber` varchar(255) CHARACTER SET utf8mb4 COLLATE utf8mb4_0900_ai_ci NULL DEFAULT NULL,
  `email` varchar(255) CHARACTER SET utf8mb4 COLLATE utf8mb4_0900_ai_ci NULL DEFAULT NULL,
  `legalPeople` varchar(255) CHARACTER SET utf8mb4 COLLATE utf8mb4_0900_ai_ci NULL DEFAULT NULL,
  PRIMARY KEY (`organizationId`) USING BTREE
) ENGINE = InnoDB CHARACTER SET = utf8mb4 COLLATE = utf8mb4_0900_ai_ci ROW_FORMAT = Dynamic;

-- ----------------------------
-- Records of organization
-- ----------------------------
INSERT INTO `organization` VALUES ('1', 'R\'lyeh', NULL, NULL, NULL, NULL);
INSERT INTO `organization` VALUES ('2', 'Arkham', NULL, NULL, NULL, NULL);
INSERT INTO `organization` VALUES ('3', 'Dunwich', NULL, NULL, NULL, NULL);
INSERT INTO `organization` VALUES ('307a2292423847da89a4d3d57a003017', '上海公证处', '上海市', '110', '123@qq.com', '上海');
INSERT INTO `organization` VALUES ('4', 'Innsmouth', NULL, NULL, NULL, NULL);
INSERT INTO `organization` VALUES ('69c2be6d629a4148a4517f7bf4d7112b', '福州公证处', '福州市', '110', '123@qq.com', '福州');
INSERT INTO `organization` VALUES ('e4c0fd38aee643dd985c13b40da92bda', '北京公证处', '北京市', '110', '123@qq.com', '北京');

-- ----------------------------
-- Table structure for organization_statistics
-- ----------------------------
DROP TABLE IF EXISTS `organization_statistics`;
CREATE TABLE `organization_statistics`  (
  `organizationStatisticsId` varchar(255) CHARACTER SET utf8mb4 COLLATE utf8mb4_0900_ai_ci NOT NULL,
  `organizationId` varchar(255) CHARACTER SET utf8mb4 COLLATE utf8mb4_0900_ai_ci NULL DEFAULT NULL COMMENT '外键',
  `organizationName` varchar(255) CHARACTER SET utf8mb4 COLLATE utf8mb4_0900_ai_ci NULL DEFAULT NULL,
  `notarizationCount` int(0) NULL DEFAULT NULL,
  `notarizationTotalMoney` varchar(2000) CHARACTER SET utf8mb4 COLLATE utf8mb4_0900_ai_ci NULL DEFAULT NULL COMMENT '密文',
  `notarizationSuccessCount` int(0) NULL DEFAULT NULL,
  `notstyCount` int(0) NULL DEFAULT NULL,
  `timeFlag` datetime(0) NULL DEFAULT NULL,
  PRIMARY KEY (`organizationStatisticsId`) USING BTREE,
  INDEX `organizationId`(`organizationId`) USING BTREE,
  CONSTRAINT `organization_statistics_ibfk_1` FOREIGN KEY (`organizationId`) REFERENCES `organization` (`organizationId`) ON DELETE RESTRICT ON UPDATE RESTRICT
) ENGINE = InnoDB CHARACTER SET = utf8mb4 COLLATE = utf8mb4_0900_ai_ci ROW_FORMAT = Dynamic;

-- ----------------------------
-- Table structure for rank
-- ----------------------------
DROP TABLE IF EXISTS `rank`;
CREATE TABLE `rank`  (
  `rankId` varchar(255) CHARACTER SET utf8mb4 COLLATE utf8mb4_0900_ai_ci NOT NULL,
  `notstyId` varchar(255) CHARACTER SET utf8mb4 COLLATE utf8mb4_0900_ai_ci NULL DEFAULT NULL COMMENT '外键',
  `notaryName` varchar(255) CHARACTER SET utf8mb4 COLLATE utf8mb4_0900_ai_ci NULL DEFAULT NULL,
  `notarizationCount` int(0) NULL DEFAULT NULL,
  `notaryRank` int(0) NULL DEFAULT NULL,
  `timeFlag` datetime(0) NULL DEFAULT NULL,
  PRIMARY KEY (`rankId`) USING BTREE,
  INDEX `notstyId`(`notstyId`) USING BTREE,
  CONSTRAINT `rank_ibfk_1` FOREIGN KEY (`notstyId`) REFERENCES `notary` (`notaryId`) ON DELETE RESTRICT ON UPDATE RESTRICT
) ENGINE = InnoDB CHARACTER SET = utf8mb4 COLLATE = utf8mb4_0900_ai_ci ROW_FORMAT = Dynamic;

-- ----------------------------
-- Table structure for transaction
-- ----------------------------
DROP TABLE IF EXISTS `transaction`;
CREATE TABLE `transaction`  (
  `transactionId` varchar(255) CHARACTER SET utf8mb4 COLLATE utf8mb4_0900_ai_ci NOT NULL,
  `userId` varchar(255) CHARACTER SET utf8mb4 COLLATE utf8mb4_0900_ai_ci NULL DEFAULT NULL COMMENT '外键',
  `userRemains` varchar(2000) CHARACTER SET utf8mb4 COLLATE utf8mb4_0900_ai_ci NULL DEFAULT NULL COMMENT '密文',
  `transactionMoney` varchar(2000) CHARACTER SET utf8mb4 COLLATE utf8mb4_0900_ai_ci NULL DEFAULT NULL COMMENT '密文',
  `transactionPeople` varchar(2000) CHARACTER SET utf8mb4 COLLATE utf8mb4_0900_ai_ci NULL DEFAULT NULL COMMENT '密文',
  `transactionType` enum('0','1','2','3','4') CHARACTER SET utf8mb4 COLLATE utf8mb4_0900_ai_ci NULL DEFAULT NULL,
  `storageSize` varchar(2000) CHARACTER SET utf8mb4 COLLATE utf8mb4_0900_ai_ci NULL DEFAULT NULL COMMENT '密文',
  `transactionTime` datetime(0) NULL DEFAULT NULL,
  `transactionBlockchainId` varchar(255) CHARACTER SET utf8mb4 COLLATE utf8mb4_0900_ai_ci NULL DEFAULT NULL,
  `blockchainTime` datetime(0) NULL DEFAULT NULL,
  `transactionStatus` enum('0','1') CHARACTER SET utf8mb4 COLLATE utf8mb4_0900_ai_ci NULL DEFAULT NULL,
  PRIMARY KEY (`transactionId`) USING BTREE,
  INDEX `userId`(`userId`) USING BTREE,
  CONSTRAINT `transaction_ibfk_1` FOREIGN KEY (`userId`) REFERENCES `user` (`userId`) ON DELETE RESTRICT ON UPDATE RESTRICT
) ENGINE = InnoDB CHARACTER SET = utf8mb4 COLLATE = utf8mb4_0900_ai_ci ROW_FORMAT = Dynamic;

-- ----------------------------
-- Records of transaction
-- ----------------------------
INSERT INTO `transaction` VALUES ('05b9053d0dba4f86b7b07731277114c8', '8359c6bdec8d422b9382c7fa68bc11a0', '{\"PUB\":6494089805018784022571888557718933063216086853140585970368216012594806111767604444245983481528208375012298076876236958575516996464116846599496416437784518838061184885152646607302909865812023543091014203762732096268378018643007529040289277871548741680723058271622328514753374912597133626161166266918829821937196309258857498333373803883621805142404002702938795332059150514859275348505006625118080122112329954738183108374215192463015711112829839790240249471015814489969779903153156274219005306822039441934711940849854675853461402568421111209089414529602710501672986093579269565319192647556925216053073879887358732184181,\"T1\":3021206497074367739804579570717291623986262276425200054144041520922264008951180092353532491968567796318821583342116065147352787040303653200329404486810516760193696490860168572278684246997570996060277739531449676896275911885133194039947309893817311850444494433777598817735530458227993058232593665982421817431552015577362813714405540596383603744003485450821274990066879287749368051086257100278212964198504924026666752886890466063292611122208591102482817319894162963326126592211226868125545009706235984291048698720526664115795286127083020373783769473340061980400593139045436377546670928063519901352690110958041947281589,\"T2\":3600708696289038616129875389292730131082026064326199511231292735014076972660065947368011827016257725008027394096862205901411425601104950079756200499632832149399230430126935756885536315143154790871186995202181880727751719212689036241652928468897840619665447578538284505464633364609253794895064549097823586003138780337430665596988490353613071681821685437021756753773532438429199499782052734047321950291478918339709305210238669411840641276211190175931493400085515051830269281385970632686072819044501197554479403739330631176975809507655810199600805203583263056637202907147741524080944842434867324017155435538849487234632}', '{\"PUB\":3531587995176639357974222542788724474587060463386543306695462688305418047756232994407252029717362854302416486143538400528924193613107766569070905005054090673938315033538709515529401911612212894988117258333167464186912367789380476130297495227616116869663961662175834987962935871903150786190814895702321191926679688802581336935114487512483576754963744999484513898173771154507230761263885368563497574690823311851518928320862036261169013183824142142679381849116954453259075901428835828282302440744139523991810580598184727237133706307288685559410559848869120187955431078614948552561425511269244490338646872471733936515692,\"T1\":5143879825910683070738344950099558158708927598463162339262157252020108727360373871575111225402283510247132968790305592030731209564390134991776280302367455936997087815150526412313585486483281016935712119123631843771741729142911518383361101473349132577249262585925054365047253285410955773372470240269534647506253634811543959221158419978918052935599505912415380308445845597793383422678254164482288750383535842513113469976627130655228656849014845692560841383413031594981908691969991611888872201016985288291056754232290123614771369506605413639941575489492960462158979224498084612217526046615006337790917233718977636158963,\"T2\":6344856135715907953246408318538553691165227931647282997492376911940756045418444162403227646244098876667834010601433854783394141712555454218798558882399455907529400819362882542739777115466971635578340364598298089339672373997211905860305101154655736317247842855806675848627820710236667883300840891499762244595941181997672256309090863066334617675740046727578402173953535556837690967973980265707324061039328128103353256956857331473960304286811329100717607546940980338546125384958830993605947424887931223696751180617064682527198797382544644501443647463340154875611561798794831362450739017767705495901654768372183958197978}', '{\"PUB\":3531587995176639357974222542788724474587060463386543306695462688305418047756232994407252029717362854302416486143538400528924193613107766569070905005054090673938315033538709515529401911612212894988117258333167464186912367789380476130297495227616116869663961662175834987962935871903150786190814895702321191926679688802581336935114487512483576754963744999484513898173771154507230761263885368563497574690823311851518928320862036261169013183824142142679381849116954453259075901428835828282302440744139523991810580598184727237133706307288685559410559848869120187955431078614948552561425511269244490338646872471733936515692,\"T1\":7618782138506453588809452056136895390824363130000352815730259532907504477511199037642194831607130686965769961717141414013417090057784685468154584482019598100941457092295800390871556247218304264541025292932669106563065608626111969844539646494233106543800314362416990951507698254672593161633135668246204652439005000219847362904056918373617522453405296283673897218933845810612457504613261021503865905881858191739917284039070004677041088826547552912698034191214773431881398886905161830606522138787936545608430920720269519508402289068482424468654128028620759174458880810623921114400225927778983246622019588881778660315352,\"T2\":4458538926838669608830559495947164627972865206888532051425792958619573727574096892409032784947819191024301842935511721870350669824418214078902731652039448671909883733085688632020516240775677691022577374082529274998652975192275598597075803776202250585526717689171036586623827615087892221546760122680378582650523762347044603956932253503632332469001847744604088415382108352986021000105426798696128558001276994481005328457587369754289579618322415654019128166339525614458508663204257815824491734975331934845592322263068346804938161429724671739329739311063931627202683105593089260711308668255425365843717191392270770547080}', '1', NULL, '2021-09-17 21:28:19', NULL, NULL, '1');
INSERT INTO `transaction` VALUES ('1', '1', '200', '34', NULL, '1', NULL, NULL, NULL, NULL, NULL);
INSERT INTO `transaction` VALUES ('28466870683e461690d36051c25c7c17', '8359c6bdec8d422b9382c7fa68bc11a0', '{\"PUB\":66011344935105234427447469472448144432935311659204332764325391892625226804762571866678307044929293806595204376445627205158656893404766619808394544993879715424774252444469233221660819186196025235610400742590681604305430806339311842057887780310074598635477844028509021941933879018106836653314135063240684019514651604068862274676903353725230947105792402756193325972926590153335575000458057753864300662364571102262026639762683470648753985842462534591558325449338497762843188079001002676017488227283250811379606153184420849367523898133096522675834122096867228639694591759329527316677844377484299831298235234064876353796,\"T1\":7687416178142646461075628016548189887953849673476988698165333657462932851863717494962054897261044933657067753044658231337339439392098262245476408546491995122227409142487848892046140120689673361144495698668012735041120533689571959872936347546604669275011756606987531531456709608487885792364619276791553602405378741765830086596975603871614741473884160619760396047444417039334914688138673067422361983591196323773260516199460188268818708155150983213968168782900750812177367010178869539113087197325247806891039793161033170929951200839440351868421993613443239912314755750175364093062531507902581641371947802666222903216717,\"T2\":673631220999557076555085293871994168765753343469106222087732608028991021831370133808310956401003454436934652139507549082177781699234692972937274698525910106323692940605322040944733784217153529045738834565075188239349998381003431360069442850889761674721376271106537570027705439995985299766303191669700666430681530361457341799235142231483078493634366638785783286515591351062521637196195630827644624394713215148708377346982163281926823824667763341817158069556674062102660080260288052383720426897404046598206067056965779222917340020616234610760904990125902535824939387398480679415466065455586797980267402282648201899772}', '{\"PUB\":4785914538420978232653482905940940650026397414458971057886618937304352424975715523012276104059837832190610030970798861259748307762783022060624557630016089358651145934629467225718437334624355277194773345244637044339478522536608144652409717423381931451955007343735806189890785221383821911097507851967290164528559868509835501972011999431319767622025995465712360773633284661105287434583950262795040299675751277904225305294277754410673782457905661547635478667286033095686321019501179844051704145275282568579848465496895462368713395411080468455513013356324847217427884186375394640258583622644157965282892249817803020222452,\"T1\":5851938494972655124037078130453823807251248816783556366658628809707922082949844270489278407133197851705765152852080422179357506555735154011049115108106716751964217097914454085733304919724500001980993440200115391194915539127891850255557789970350758220629130048239269636207378766668778776262666764206229362093292196865866425338787901515258831873355341404425705031801812862530532125814391565862331401539980427649933220685789896383378337373727910241790196645043741987069333685876748979699953365356525233173717463080558732045225060106886692607215084918702153102121037928732219372974221175006761006752244909028179300647948,\"T2\":7693154185597719127883391610620481912906072671155923568474287305830581639698844764868167889475447678759967847692370117591723098803532760489972098399216705684943399659692373478223616377106434981990779354049533005602575971840538785487398562146555207812871867107831246831823682187005740650307077167994959164616330924001152416442229575065831325200329884173695561143355926708248874062506958496666784323393691830964472633400584279314454627389286123978441940881036448464204184250611102032714788018592077869296457246646989632917195372952796017523858498179580629023801522557280962870962867354681615823320864715654128836022219}', NULL, '2', NULL, '2021-08-16 17:03:31', NULL, NULL, '1');
INSERT INTO `transaction` VALUES ('2e61e53b8d6d4820bf4d4baee55e9c63', '8359c6bdec8d422b9382c7fa68bc11a0', '{\"PUB\":4785914538420978232653482905940940650026397414458971057886618937304352424975715523012276104059837832190610030970798861259748307762783022060624557630016089358651145934629467225718437334624355277194773345244637044339478522536608144652409717423381931451955007343735806189890785221383821911097507851967290164528559868509835501972011999431319767622025995465712360773633284661105287434583950262795040299675751277904225305294277754410673782457905661547635478667286033095686321019501179844051704145275282568579848465496895462368713395411080468455513013356324847217427884186375394640258583622644157965282892249817803020222452,\"T1\":7298986502110727415651909235748047250888121814656315011538593524365533122218715567458393989883582279335577626603001212606307671102616641182933280232761130773556115764767616279275575285367745152855326270009421791357165110622841001171328961109655739493937759697563318363118849227601081955681453713451542019942458251150575883949893153243074284571825745872159029178798464960037134702349796460508797016374491758279724669766236900260601016626029136019603125918203406568836809686423263790917725543252919380380990520543047058264520186179246467538371026109796389691065489670313968425513285993498505852806411900732643986900718,\"T2\":1489106586473934776008772276860757371672268958264002442339047055542254998950796894846620802237789194796706640682588857700971908352378244904275915314265571657264980550968820052045579731341710413367598924124314647682587078904239659424593734005237331242586822551891166335275615070712699575115945612009270066923786580909028733512069799418599141869810476845043898043642410895235801558479590477401283640151156249930977561824001358291484777484175716023047136742033423169609024266055731917278953338926499688343721586363629899986322529834829908063126645224810552184890165721788657328637858127863918024150861755776703643690438}', '{\"PUB\":2643601153838030023482737889660377137115410005023175967644065098189014550522829390585528779819232023029414140926225780723705229107052145803425776751308344236699191471410656036057884277732200788757182567714405401738011134010338063204923990138341260149118851942668589821975983356667782556275102150791534410997308954625965680411161768014278414692082234015553415283393804293735592312513289926345623543467271503131919385400561884928115341715664645322658760295979623121392723222618616113686771930029021223477677145732133801867715356974449024526338580617786074626198630800866621061669989059451586004247197296721264469040420,\"T1\":5491022296328361671750181370048314034878129187481727594968547110546620468379870265786979265881342942548836992033070074676340192267426776758303706593158853189353167509714667275147356778975552494673950107108343670526661934532887174925002108920898650341789773396982480783458565431603527070967305651702187247417378522255351677221215255909958680737059240018354429802837730216148956120126172424129267146143040349333705697128432849916469835715904502274691015636508288541376398183649952069373584194285624857403636080395637281952166389602938018339705197277939892046221652567258450389904099565342380057917592624077616656681499,\"T2\":5339097027071140877364164671978680656739799189986182048730306118777809477122756678989581019591849469271570466839107927241674548069799791912362421291126323645435679421722330642678138873952683489301177615164691404984948401036777760026682452794550841197496151717963119789272352623995439971967423800468689780382130133993819940758151949489818504690826536030267243353917285682656618494624094849178697569822345265062800454494960605524520820469532307288726081890173271143847546717928095034065714546856103980820581115835959576511546137892207295421258964138357865041682905364513961200282898295285376236480962494656257740289823}', NULL, '0', NULL, '2021-08-16 17:09:10', NULL, NULL, '1');
INSERT INTO `transaction` VALUES ('51d8272c29ae4716b1010730c86a8d03', '8359c6bdec8d422b9382c7fa68bc11a0', '{\"PUB\":7506213844517566694720918520458729858145236570533539149637473886490350131783431231677921163032646079791560156140722580098075988333058028401809048639297167133477086807176541560964318666548910649233014928602664760596873313914576381552829874108427613328500654836795473495116588382315676675635045391478252351568648343399308297518072602898820085006737367611285250895028084341036223093480478587431877039620302179193027526741427169831926192984498770859013834216490794976492234955044184079314672471943772807692149377581288279903760101340666299282234276886317319108707300800491130671265100970291933372735468744791504450472261,\"T1\":7419505123056389712413696173872696492085608633883280706415248494840682016731273987903993521281972710948510177691024786016296229025649782326012938024887968346519343208795332512174109902285986381904240054955935107371030327893699964539473136185760381249935069483333937995232691414164259974047428648162936403857064197267782370843942742900228548122497908001582540645302171680583299785380270331275960970746975002924498888574526850051242047064699719522174907882556306604502059458773747670901430696434630585530173446590636785553573243716622895857876363521291742267207330104142419639550636060665153256078173025419518869629126,\"T2\":695121947372425919878209391670698611389807491015353331532673355124839920171274413460959728536141111932588442970376673056117287144335229240747524477302024617916246315491921731288671181392452178756809145499025079528061378724275447223352783305322026724812245822294546991322735947731650551856669121283352864176267297590745906704721895039343753758514547583933133782673243057198996913825836867702906797210907602477153282438401186490562010043874794153586713175251864433278638992285618186025090100450663592449902759475691255952258882313466465363713589002331290710773717723785857419888164564911127589633215763944574155405437}', '{\"PUB\":462811204387557862969798980990371183999983981245045445870228636844649338672767896996200487652674130849123381668646688742847973864932196824367199347787745346781729307709941287857017489312402490164108681365316023364439890761221024391070365548870976435664872691826629726155183507800241857773022181360058617337171744998792832827741622179954877719036802889092506703426008336715640040022573555218627001861482544607728207738230179752627876452196652148570410454616827906627379454612524841486309789111085689466091579691848226547696292362261046316138287034317340929517612737256214766345119512653160791437547687666123673786692,\"T1\":677391451762660170840669614298610513699750363579867364846061985364876726990419051994304175281275091529303515716685463348069373739114964345815294456689453413961865238688340088912196094670769326147556790409204783342702089503826515184243147364403893534088109949524707120140483851200186353189960115198629352183000964558939575855293750697406343093605630502889110108221288375427152346066260147208581625086408152560807141402799115397311439424389241269999748879259430418623528214366204418866691239183910601253061245671097040544055191421289216396303877701342599594365514026984628117965093566354266454649118018506319171245639,\"T2\":778907232802029081765337740893091417836585178831076758486590776603293964322999676710102823440487366354763985264699257550255463089671904615948848450809578045046846424492430287883305747966923775485292939384856039031291092630637064759410074429938031466924855185948876732449049580157926528583357634651169759724659356356266632015820631836190981190453333360470381977041648215586795182496992780484587404158334028886209798866408268121342269065303598207416141562893209927870119685608311882802378718242655556260211121901090602720042001055544718328675041472791612055125402140201545147093349164458450005946004375589231209082889}', NULL, '3', NULL, '2021-09-17 21:32:48', '8f86e8598c9514bf6549c7014b477a9541cf2df11f2a4b186ade75daae7aa98d', '2021-09-18 11:32:49', '1');
INSERT INTO `transaction` VALUES ('666af9cf07184d819e9028321f41e74d', '8359c6bdec8d422b9382c7fa68bc11a0', '{\"PUB\":220550285228230287810192856199229144279750843693493906789043918343151513812581447042477454842442646334797707562529344223997303153545418229784460081315880382820871510089402238573777793320084919435125006635051680461732445032481823360200756782893697689420055984438344812765886750356391914329271926879641256970935350556584351857728633993449216082578439018507936202912608779405878911343290554790075540465412581796919961594788519964571276344001670201295631858024312371226161642183907858474206440197214165368075756286091365705047632185778549204974183678708409725726857244240479282228121099098638616117214399519527855676772,\"T1\":7108247929896791887105207385868289927142788570624315120170188078864212738702995831274370177398453755837791686235674021547476111666813486971859371562183623524044977768336313003830198746450177556337838492088021848107895103134481870197666509237697260499956839313069319902431322252488369105269543072868771385212947116955226754788411471093385995127187445883419582571594374253210783730144038822388598713602871751077218317759681242142687790578350375923608582649761674768236344412448699356437559011835730882150733445956512713583886183031984911622224419321156251583956709751826593150147827187983325429163143996890105589299886,\"T2\":4419187366405151702554227104623782432114610046767718511816689318054718321996480762165027388164698690642669550556707126007460472066943008474890994939360648520130728853407007436506785055139484527153249115381177167852113634624005889582301964776744342990467527800500222642580523654073387065994904353367993191176133316773267682888410886487261391553797890563451810812303597516715260751561086278037566499498442373642051488297031727987891564337534157332049182469143252650241475208494825005608643381996968111319509679127624914088098654854743774124437432550041814467081903919831691429877351099487275468751337698533567152185663}', '{\"PUB\":2410187945939260488449033716080869378734466914931767482847696174848492503483775130630066295703850290891828125659056812692409643373061070033171775803174586942372819871465361063841813177769898166789393398323858649892610331726633821621173194475505729948427956835789699258871346044753053873263766918467255048569198027559969684463625724022330828268315493157451708636192441962283896384653322272498147122700981783772821789725328803229029969882897130704646169488049988116618107448391436941810746122241550079912414370299908950670511682094959076983498060249974454990338602873490275405620379301291989304842342127469645911562044,\"T1\":797326491421591753029793707216374531183965213392483044944018163702410624731774454849186191215045510345998405205258382832782648152705046706188283810545762692307343992154953850643849289899914332698077595247129965137680090253418676364278985661730479498315317798710392357077599802517832253642338407129111979783320567368920155413838217107272818639199798240596436920284610512029480533292811355655513077786850369811286266852990991990704775867996984412304502590711963113980784291992121017239755779471952475273229882741859669702095236955813725208429009425538613000111356357108611272395131197932639445041935989133540012893439,\"T2\":6308899570422952497341942289970642180487317772818659919474641402406188665772326864273913703511910434164698625720053283721909236784590968897916463188561817237435303931350657689785072382894196909804892363908153487965997783687617230324705697786248838207890592105257872051866172951045068833887565090332257155060818525599178520216497175074074959514496451168711564406851659524888636446187858765654911357198918262061015925754283070384202239255917975813615803830802428789990491725003280275743556220317100130515226410523094980885301099694215424352850915500928703509107366999788937597397050239147103064760259089933786422712295}', NULL, '0', NULL, '2021-08-16 16:02:34', NULL, NULL, '1');
INSERT INTO `transaction` VALUES ('71d5adc613024fa4bad078c868975e70', '8359c6bdec8d422b9382c7fa68bc11a0', '{\"PUB\":2346680371987265963829200207228231346757705789840301073061475655816163906586579167540920180037536125866161001901421784603765609295062350594080898944865598448033754114213435209782076638025861019222947227481707119837428723012200664409412934521339571902679371419220624966947584114410250100782948041369955475356426208391168663691480012518653832907432694505890431869611406459418596890113093370204130497400079704103620570279776625111340867297477174617355048163471546477795828319101362311732581049143789319392545528749940708225116077742045925335328543929023893636798891873845631439022242249400169895841908838718213132337282,\"T1\":2868266049372035038592083115608287491463554343391078478270510453424219259907937059084790725074356609479257516907340449511975957289550168297335251161477371191072122506813118194441480238081278425593565611075497203059892564944784241833523900597261246823219591626406571479333047144138975695307698134641649071472924326785518231570172680145884655677149477819013895965246766711487570203000831824837573869945354740056000485254038253644088790568516859753262933029542384526729345898572494433410817544708435590171523536330840021269787458490993572854848601223208709416167534646982549573246028427668407818533969141354002314407627,\"T2\":590028744448305712740881502997124076395648965991217996577275739263678799553060414560645319689334097518804873308365584292754761328415433402656951502886786599497007826910596352769923615615692845967581577058841467337562492232484774506897368306855382668748320410295091598832347924975520576115869010517063895737613258010134510043069453300279857875082845207795313635889946330876958027287714138360808042953299336963195306263500105484500937027343179664289835325384959538922523641670094172917835316276762743025242648487738093961830103565569361979446524113845542495354841189463259174344328830315997862111213645735383049032218}', '{\"PUB\":6494089805018784022571888557718933063216086853140585970368216012594806111767604444245983481528208375012298076876236958575516996464116846599496416437784518838061184885152646607302909865812023543091014203762732096268378018643007529040289277871548741680723058271622328514753374912597133626161166266918829821937196309258857498333373803883621805142404002702938795332059150514859275348505006625118080122112329954738183108374215192463015711112829839790240249471015814489969779903153156274219005306822039441934711940849854675853461402568421111209089414529602710501672986093579269565319192647556925216053073879887358732184181,\"T1\":4096091054502188401422987172463946315787825515572190599404667478865530368660544457434164537498041292986953327677312617877043685026375660454931886810628288515944060114419613861491007083968208207144908553309544664438769399995499173278718353188015580921465169702896690290842003041857496949812865779041609322608106990738808637846880686184652906619671842501034608993652946898219232417421720365884394998488724840074893712238336340650070738863853285887289708462844031630659848876198688796756702759112666850202273709063482070892454342660083323022100626978702066068444661051140497307705669200911177822572784459046239476567301,\"T2\":2600782107722974671689398942480446236506132088398986408828142863011243898503738222021205715067596710021291973421765921264495855136696511139360807192728293030698114688704873755551750863103587667518103060088762440503518553425749049597302265365304851051392489903655400527303320040743778699152020523366121021279267815033307747092944125967591505485459304774686936227488923064888629824715441201988373941368853390424568616274277904252593047019778716446057036314934854944694586291986320970910362078319329969915136854341105910002038042027000004335452720691916053638578137083357204739298305610301463884155171950165592585802712}', NULL, '0', NULL, '2021-09-17 21:26:23', 'db90ace087011d093eb87f8239b860b81e5ded20dbe4ab18c5926a89e13e0750', '2021-09-18 11:26:24', '1');
INSERT INTO `transaction` VALUES ('723c763b262249369b2f0d9cc1c40950', '8359c6bdec8d422b9382c7fa68bc11a0', '{\"PUB\":2643601153838030023482737889660377137115410005023175967644065098189014550522829390585528779819232023029414140926225780723705229107052145803425776751308344236699191471410656036057884277732200788757182567714405401738011134010338063204923990138341260149118851942668589821975983356667782556275102150791534410997308954625965680411161768014278414692082234015553415283393804293735592312513289926345623543467271503131919385400561884928115341715664645322658760295979623121392723222618616113686771930029021223477677145732133801867715356974449024526338580617786074626198630800866621061669989059451586004247197296721264469040420,\"T1\":371830608306498348476031637712116570078062163792534959858339361078832017627428032363264759376995940226037621213074863426147626394194698014414794361750462752311187232887703433541563856885797869975286081708945629856788000902192190403837500686324001186935212545081611075135799686714929122232395259342674504859392930577297205473403076267778549380554314312023728023558777890485493624139826012102332501117210315175736220708324380652499517803080831233058279504801549269339877413382533263497196568360223346277083450195507934864640565563100982500275712100892559596747553372628288445787939673828696974839396524457377350335572,\"T2\":4723843965131747326194984232372422712881606419255694387698181080900625691747368105555514471104929452296046459093740862673930538717198948992485301772486959197689482850047779337877358126748333427783745563574826413069400134692360416869472722038533115496723291119577581246427951567619661346191332981534128689771782769131043817998225492789564788915419199703050374672260884603511565076540214063669303136133869521184861269857140534049745877111310729646728770212485516975555353110399892728991657537094521358127420445422553169165837859624737142756329519852521126005742280034610853238976358278661641817190204663738108804580655}', '{\"PUB\":1180497821513281896729153820312113956340298228825847916383259501767400196892616153626422413100582116003116387454155851177243047169471059503310696178239550362060938679734992116581681941908369496909344617968211571355841925556101941481193124526286327952148353860350041769872420819068249082286207839207043131370190699261556689669551599115518050198193114384622532489724035970906019335231619796750427186891270322277815019146278284647822269986596396589110762927528604455879209375060379298959685716042127000144630819328331742542913056572893028437483181496336307545827570219195641214047288380443850172514492349648674739161423,\"T1\":396227184934287136853620055399033242425775559874281353800852257714682344843828233836542516459948523724974021044898150636753153401676500495143156908510284754857067378255787009868006673525418392991735540231831931613514074710562424379962836844460803872773750589116595178669284141652395479964601789652189980800380825715571046327797140168410880507950940549696118521584999394732785211248296678888916875369274371105508627594643528658638390193839364564400859104739437319911492865319761425402235091750034824969502685397685417126251568908849418875710485969091990597463134890394151724761965991057816138822618382606335645443975,\"T2\":7800355977181943638746596542714744294605066776523085702045847008775673987925488771372955846949095445911304337062902441251736336102492218786630446310602427824042660197375474977011878386440512559920221435855045309228237566460445695172173880960829638523651572002131225126343550442142741248387365222338324335344866635756510018035477820129509020220642987262838464205600849452411266586994282657329777712594590198865116990204643280582253679671267442370186464071909447318149774306533541646438673506990361285220042074554983129314645409561127741955160396143499903953430904090507305355397177779082688280406988834555910423521830}', NULL, '3', NULL, '2021-08-16 17:22:50', NULL, NULL, '1');
INSERT INTO `transaction` VALUES ('7fb2acc72a044f47b4c9febe8e481e4d', '1', '{\"PUB\":5515409226158832788791739112526812287228939154265738021408906143681734974917774697352737939015245200265821775449522077124557371791126659243190498760360617858566844625357728784916487482222997019173897811401399021603983067307715815319793352403365072303452824936158879322449237232369214455650704048420347036482526472786986112227169504386677347361212577156403390041947014525720736961689685034147981870071035327561299461929001433114860320714792506075997988869602459087324965783811417730920626889980461038194156729460967919365665361658562988960721501114889420847534426855676373651549028783713400942349155282937562417483493,\"T1\":5837225446774236185924793357207411506694771461840493996212768225098822961564448048264307949222017903759545311733505086346116160761572930062436150656187954180629807858000225068467853036164117321691280654430584685199630981187053584794633521241011642387630516654489052678869388889084140716828256471990002953462987100403778451656952078997315272957929684347981374833316541206245321159795824439092208522530599407667486306764658106862968774435258039922708705004363135687913887776836578732708389198960336854064878270226249943260286765827751869444429383719641810908314113052105157294817824239306702184130690699297102034668542,\"T2\":5811570843263766905849293368258572788730192891670786448661323461518358659056376571057643367090930062319349823498116102544326536529594392190885560201903608893693801790780689109420547635393775918535668405186288980983565232776260325983220890763830500465845538999716448297346764578011877180591805611087991140530687583699540729042184144966012215898366006220849071381549733011960099714099307358966078751339321796272629534385229587120617132887223049096503332492319270632716531673061749018893454784187473190901132407641558570907875050379350040174307396235304399811675261830796653881000778704622823532119839528546771999985225}', '{\"PUB\":5515409226158832788791739112526812287228939154265738021408906143681734974917774697352737939015245200265821775449522077124557371791126659243190498760360617858566844625357728784916487482222997019173897811401399021603983067307715815319793352403365072303452824936158879322449237232369214455650704048420347036482526472786986112227169504386677347361212577156403390041947014525720736961689685034147981870071035327561299461929001433114860320714792506075997988869602459087324965783811417730920626889980461038194156729460967919365665361658562988960721501114889420847534426855676373651549028783713400942349155282937562417483493,\"T1\":52605796862049384494727661549331583919425827956842535589707779300517306147291695478305512708520603608582124646782360678122189925925058079903526184217533867210825505208220348619154090974314901690807564922588246554439736365875891217271672629923611398777010924565320565011951377176603086198676666247224520225644870559174456410615388909543863616734531326931815870453417042287049118409171047154996861039300225184364106775913057894657594155159730872018180722208426910140869543987805449505628950736542068767639328181711984991413609724612740690992648834360954135899660029340736855703036256220207286962997123976510751082890,\"T2\":3903612103493007053391257979054303706501185834771054170328836556711690773697789721750595120578865562346519010597397180605166604953540511655523728932118028164008977745213034184691497194700815517788674474310054139842268545362971043549346215059414456460767480954401622943753366447398684130797017168657967534664536421785511749559746558400323248294624345710449907959698461800289716547319792005888264257639336263552293315139269610449243226677409237457113899458580663760276718259802199903216883173495088930432415048030816294722261890933881735684194379440648049366898980882317639172559711426393288095489160038526889159170117}', 'aa78cb6fccc94554ac60eb7732279a23', '4', NULL, '2021-09-17 16:27:23', NULL, NULL, '1');
INSERT INTO `transaction` VALUES ('8738b5ef52104a86b38237133f5764dd', '1', '{\"PUB\":1854050033333025603709531348404793119838177473202402477012618417503176792809983833036261657896657790181291833207890064722382001765760048951817666843274336880156579126725739075571113305051803670965122026705520293862480748388323310317778520126063342764963382412344809327783648681762889375451403789280425648450807785043847633163027376344444392290913015517468919365371983132251982471441995579140381256325831694077604563007025716634274497530288780620243961113691515604014742509077831023683057043570846273830202626535769696999200028113446643186944793668531540314696653500855317332014087324831437138676331664347615300019484,\"T1\":5685866534630986004795740159104447566158664760020609608462089304160958599510961186460170598367030558042432140823115815357864794571813491235972891824258708537187780661442676308884078542184147042276318217799996310121244404293952929979832852132876764813663407115278064527766293797852783832145003599262236691888415000722750847039128532292093876496546392040881173986969101283599152756941936237397316876067845668337727674806526583877332931137316093249188314024061334619865609751201324531035412834639631285735544242670895896029585934457807454133156538978620389897533085372416183934267078980612627787300365308704820900635758,\"T2\":538277700647774118244022537782272341180021760658498909054313317444587302656304286933298482122737012438575276786786848068510977871776169995642060633028043517656472167207129083305971444959408164408042394803473375281523909112326904611681479761910090578568115554382235740761114351793761461411936439379286685341998330772192622256750102365665276282839602702926769089961201261497954537653658276208279916150996460085633808782449030727763239146326402572628095218792098710701162004031261320755984218796595289737165482832664258340756658477684810259700087352814604880902868427239751525204336101520678745720508788042784654746174}', '{\"PUB\":1854050033333025603709531348404793119838177473202402477012618417503176792809983833036261657896657790181291833207890064722382001765760048951817666843274336880156579126725739075571113305051803670965122026705520293862480748388323310317778520126063342764963382412344809327783648681762889375451403789280425648450807785043847633163027376344444392290913015517468919365371983132251982471441995579140381256325831694077604563007025716634274497530288780620243961113691515604014742509077831023683057043570846273830202626535769696999200028113446643186944793668531540314696653500855317332014087324831437138676331664347615300019484,\"T1\":3951806969014168141200010568437101425058349447869431226552539097817459783194039913959414291430426037844420931676713630272991095765475505361829823603742424438580714420307812021190683824895850274338666491499849504370516248906478053661513134881437855526244925592503574301988429748779977140228276565920717515304404092090787295950573365048705692917106732952025262210472541308317813686505260694861415287719799215336871170581624169475189418756848241336465829915878583205695581069186660832809961187272673939530758977338204038208313351317463089059522770171416777004292373788818726100149366552006751046702489154664406783187095,\"T2\":7738567317896709384857296963442636033519060789382028738529296819666790629407723267347019474643235233220570230036910485850534741894763697270124459557086581708593195329332800202781851892652300758860599764381921436618685774364653915505668327463767913154974896599032546047568624169311099619526957710944172128247950118097870984616110512787788536164627833546142212671617950460188054497917512554024376945077800622539759535400313024138503835716112530080552001746256537584193164629630533799454441283170780601254313360460333164189246494680396019356945062035001421810151554716532439986434205547175855206264303872720679476005944}', NULL, '4', NULL, NULL, NULL, NULL, '0');
INSERT INTO `transaction` VALUES ('92ec86852ee745c3960b44b52bbf9b82', '8359c6bdec8d422b9382c7fa68bc11a0', '{\"PUB\":1573665764096550742395991742379381834898009963975197546459807986193740291614447003488436555727830322253306674013778171956991160694563219169829139531678435960885990842783254434847061287512438536756208541613892330540579575361306151951387122874713520251194744866764197351950311014966664919303708909392325119747392701721065746085118118818266598997924045720718590713873958987070632579628355856575667464890468663213076804411423786031378938378941970620429256132937896153650924957052824552178662431843389302830970337260679456330036310506319385862409546172836422571334443116965582648109532338045432167667917571089565337371161,\"T1\":255944702799473119016873816954638078144621474505559113643529882099214333192066749991484573104413923878081896194593279535313593576750640776906409960378952956932104255871622045358004433720991741750703490077873191358915757931778207909097520151599204788483118095591760770763429286275372367747480427769625251043074453872940888578622259797207221858034681400665710973417925162732496363341834897765346237294637000700561560300685776418433339119254422300020259186701843699731687350169669672754470177624662548910572204122604402949234628400236999283676527240756188403796969931327251073419264787789074489093946437087012708799058,\"T2\":6668510317609278589588094266453139454216132435005084881444357006739770502102817956332260480124511590276069603668876251313015969638909701978484720514625583308466311915531625300495742606847466100927808121201625199465797835013167523350085401545016435960404731395035663258923882473802746204915143820035384104153489877015036456774944821973870863462330452374153063509686897731560326909268757924284852110486098364443048988475586293401478265560006666421639870287770644242456778960612355035577634519592168892828820096416434688165972580386820765978469357368813564084687382607841449224419806171779010480696383580246207631155216}', '{\"PUB\":2346680371987265963829200207228231346757705789840301073061475655816163906586579167540920180037536125866161001901421784603765609295062350594080898944865598448033754114213435209782076638025861019222947227481707119837428723012200664409412934521339571902679371419220624966947584114410250100782948041369955475356426208391168663691480012518653832907432694505890431869611406459418596890113093370204130497400079704103620570279776625111340867297477174617355048163471546477795828319101362311732581049143789319392545528749940708225116077742045925335328543929023893636798891873845631439022242249400169895841908838718213132337282,\"T1\":4082735815611953495713907255225810377667118107078880522286198723826950095784573669269218363016080531872528587575063734675125135591560892101870025385077360334123103703485571370978745091553381193305157276339864942055414802427732992078473219982788845559975867056174862965255446842467911370635864460357225902512877276910123165029564193365494301194266085843927603251416756747174482277977795167267880237640094195386144715376229364785514791843169571463813865514389005057982878669324192540320619555677238339077486239188173644151289570686170586442489099131595451939356380751096558849578340330702040676707001223172355248912058,\"T2\":1226764766130478482576400132945260331031496370292150845417330649690084479078824489108004022799671048686717866507136776998770085151191035520002085102352699285403244915770776644141029897036515020365229368145502939718612094173548685689722373775810842322241275891090463537948816040351181255847530480517851960438378681729916392449893624286035721410783073102792685130037088308017353072995175242559999691367758203066293536200072412505303365086887975364151405516080714037574653382846968521665279644870608256909903618749954978826922909289335488854144455904417893550237709763724864424688508366923201361690260552623652760692235}', NULL, '0', NULL, '2021-09-17 21:24:23', '2da88ebda8770e8256d7025d0dd6fd649ddeaf3c0c30368a4b6525cb827e6a72', '2021-09-18 11:24:24', '1');
INSERT INTO `transaction` VALUES ('975ba3eb793d49a6988fc70853c9aa16', '8359c6bdec8d422b9382c7fa68bc11a0', '{\"PUB\":5795865772138094764022602048340415342957517042296605313294851801313986811901820678440602153841633285953710341803847933044370733608623440456625498335542825829759710887925180034832924586162764731225744397663025533437351850491607231219763691100345663537921565428197552367841452614053890984783145967633548255087590048981741884612379455590693908985759294356703022502342416036974329250424478135401983906661486873158284546956307491999928917672753558154973441726161011157193599481875012572449973503437132238065919771914414297112735239322609471995701594081150761301269435560911335541698366784997770560213787243273528105611040,\"T1\":6826906493921073564281667149355590588453772827981493679652407806978461055326634159303133575659954067289897442791512956730241362026259153342866654686362921496787812596913163059475875333520414451297136536604377221327371249902549173880868426277729173960467155549926331829291591339628594221112510769708238699488265200357641260278819583177995452027495507917159373015966850712976864400120688769476252096415295852215754736050310410228246320135911209118857748148681568865868256400658697189160306986119436639021000415528930207899091517084697238110591760171837528595615824325542481973301462222444466609180931875858018457438301,\"T2\":579918249720518976423139230006383203837473636732340023614422184247356793183365399037763662377070383782225450113353096546940313335449396929363414632567674634195337997455731644057816049596826361234610976704635588862118214173749713742945268550119677757469815578820693791926825440150519068189269780611515984657508793571744853646718193994511062901032351025477472691194240540726116421474205033588525455748489444642427185361683166801285211019457884338219519616570786126295090121178674929544653791211955123014900581735009411426945233302891708580690868377782269938347596135376077910218401302289852592824329002070304911757832}', '{\"PUB\":4485599546297328116407476022338913130526878763105094595169416071241493237689100182413853075507386745572008215779783255087648493027544788147099008035513875798032022677648245005183478062015030862945951977243943882554250739169676213332648950821430870986576366563325435470663539634818984682169647239494171818735869361115427069633285057558240367129173731713875884207306106158785619635136411358518944326534222498403000067545660105474395270373389675884522562777225602311997776351911830059915485454853161362854805799721583301274262768406892830853076334932300687777503179489889435324862682602334511607057095591729048800419797,\"T1\":129604453762227200873561663894510854741528046460384134967956327740853695778820344454988136850078402124667016513061510556952201053838779435156970193218786029523266811763013843464282394223750939356376597648307104748099561198045754857983503004089151198933474196372736367037646269163882182009294740176872112260595362460122364720361491919732966349968496209333873869630202749607772040765359418061035939437125751457242977899757067321345286310591964434175238694888126120370071379738898972807419021399561882105001898321536233076858017773484101308352780883743925191970194462678418347894864852485539494163790223543731001049410,\"T2\":3906424220290251583061282519979786392632643426597835080375815309356821147794703733775116025762671318843479117286913778557864517490444725080976224879217194384755947470674803721031670521848444732062841666260749495751259283068277766364872121767931644662957151193711252500770798701518060185776737476238570520331512135436211901093090961632592279110706552343019186936626990341191984526266392653328554796776005505517411112403477380242810940664254237812180687025766864158943611017528651516639107465830660872887427491073185798778277399540661892451517564234400026589204409171748100047166128339497760857259059292388382301512616}', NULL, '0', NULL, '2021-09-17 20:50:46', '4646e17785ba0cef119909cea568fedc72eb316dabadce42a365dd46648aa01f', '2021-09-18 10:50:47', '1');
INSERT INTO `transaction` VALUES ('ad5c9699685647059c431ec89b8054c4', '1', '{\"PUB\":706567180183925681890435895852508960003424440987699324461563966231862247482400180267698248556957422835549844183460218370231762462338218789323350492964137112720929112173437836726795977647358733082122118712349592714459085021201862404403605658593701559239132058668919458874962505726291888571626767151011636199070408341299030631223043845407913425474609357780339954258701990096365844172731956012955274240594052699192982273012344612883456047389907727448130673993182296291864070576474499370214629326152668335719555709986215189521265544946459843251455368426273601227757909601434048210025569580325714243541861016063591258829,\"T1\":7785711535365546305266092962215911695700922789032328913831053956108498518447238111256948746851887282611698297026378848524696350128238232886473541247171653545542332432490196816532389433604689429928492615080234065310445069596377282964197881763240943488488855711981142370006976701985868280985834304415489627761674109138063057652468923576395168973270245985487886247364087806159135276258803029984150897768205789802725640897086474906068258836229861621629180247477758895891906268893154919181552557736404944814052840145554290275953297845042619044047961073449242379043475267877736720641647345351535242308572781226756513557520,\"T2\":6226696921200094845131520986738226551732897631651810975874956026664654060888701008294815193615801671925099554975122206657193245509641368057909730458256740753278106300784961839953317966022784557040379898941270971648214606113327927658268285632886741555508500181504138075402816421873703865678814332089700989890044907948346193483507627311706045828001630710996704453966955584446751485744840513878288836113705052158580527688012447471808629419811194480412032484691595763610914493543758262226715334640053614850285985163725861915394736435850470861650611462039374548617239019247670990846732079290750030678151909875553712090541}', '{\"PUB\":1140560574649449797430905627823971801624776634964478545248556144069293922307377837420963963704228346226002577929703166336959627125516685580396090323367912717896514201496296677773003690834484783512793181701849897316838933291642894772914565287875369768344319964232001930556025236420941378077922662854080126952948266011534353223903181192807177113538718269060067427445744123528498146860729893703413491007441553206296552390964436048026880287993794475863287669000789981603282826270818067091687304868421853991400470075229513558749521555628372478035974396178419781849869184990558844908837121850308807549499795366390188155546,\"T1\":5211713795179727760240097966968588090534390759383042202911998915794699633960335559573856006791871442601015037358217841433851401158494883624485750410159077682122492302955649656275747496371193206697572441459006491258189745778147272712895048588573794238771944997782086985733947186116577404792987947568429123027826476436084552087266313040415326448556819758998207947925359081741798942270447370451399658466931384210783929684610236038079462605099616725668483275213460766726444259600700099267694190460155599272139654311870709094256772186638995187391055050348159890981265862986299611299846604514902774111279736800313712287409,\"T2\":421654887833185260181506667387762306914577063000071396146958098396453311278344261531157829945661902486052280601856030222451724113699643294618874994523988151398410690551226618340490018596812001735428901675695819761662997577196224653690379446101950305118232570328142508217406530218518871823676450567871931751989249254873116295077304412147447249130729005861989551698898788926895978993322576806738196373163344707876722888256929375681431165804867067074771764760744449313210555197182480648352038597702097929494559541260958187189741177004992541247914461239940486167282448555240539201994725275273837182026015406075223193813}', 'aa78cb6fccc94554ac60eb7732279a23', '4', NULL, '2021-09-17 21:26:05', '099edc441023dfb7079d661a144bbfa38fb7b6856ac2f857a2e53d04a89b9978', '2021-09-18 11:26:10', '1');
INSERT INTO `transaction` VALUES ('af6d6b39326d4e668af7f6e02fb391dc', '8359c6bdec8d422b9382c7fa68bc11a0', '{\"PUB\":6945727305576116778807114754698000650610848833362600116787676557365120829232408973435970619783292308299816354220414179556759905593199587827739645245907223788243352976041814146962464228011473068499529700121391181996757201409411705702282712311606804629325182825253515479798676619547870801219289691392620573399758905239407795998005840155364059658512345473349016713048346913129081590516561645458748073607073132447598412160442713616439231018595301474441388259417568507305377938007201749439271879383634738559260180097426322549383384097866942165357564788668231419410932379024195273746022491446267918622011672912964707700967,\"T1\":777452839659768475672737263710880791233819081859553177256378313270555204509426541653728458867491292472634981000961550957958077610225539735492215401090538418822724172072428107264815702702942534417680784724216894997771893674390819126011257350065766367197698600124940477965883811613272301729355668608008028158278791085273156800426406447116965251095273570991368595222499458989666272095820434291596033411075596746554783609380175656353071502661016068575264488202675699681713815208590844124641777909939986190459319270252051915297995272242935797304933174695136342131931802212257839071954811840618296619833866683458310251424,\"T2\":1460721975553985806064588057812912623419651922423695471801648082210106036969904158523757942610526844178722159293247115126300138984175783597904346107857660718557894123512610892598291731970271487622590658351229802284200781980497680390838610512634339211039966190847273262439200542023863672085912250653067927496918717016645073716697118474518414576104801491544813082696899668265030049135217997393345904244770119462130130086889952587864937960143250188695255887172128514708643778574990111724149647084494578662950146486308295210446919131598014159072880469719199922402221883918769053814280763831344496618304719915363986736696}', '{\"PUB\":5795865772138094764022602048340415342957517042296605313294851801313986811901820678440602153841633285953710341803847933044370733608623440456625498335542825829759710887925180034832924586162764731225744397663025533437351850491607231219763691100345663537921565428197552367841452614053890984783145967633548255087590048981741884612379455590693908985759294356703022502342416036974329250424478135401983906661486873158284546956307491999928917672753558154973441726161011157193599481875012572449973503437132238065919771914414297112735239322609471995701594081150761301269435560911335541698366784997770560213787243273528105611040,\"T1\":2120189077780439247341548407070258763958215537470244954694186823548059553237724699690240462542122067348780406183044227519387979189061481835763376944546585273778402378374496798532970154346456147883672318357922261816062213522034550344159741038448257447571985251252538715042668802571369125992355165916063674471829493590835318810248085922784004089723234026236195789046696986830373715382963180966235102740978863799679831787430115729609827911182855918431810726507108994268770768398323374831281599146645863411786726939997074086858970135873186337896291796862751609719637788732181885314310752872510931300494551606041970125015,\"T2\":279024800927279045580855957513432225107625449365196808378619740084285194912239696407857233693112942926180551735222291017166919150432149578374301075137448649497488935517489870978197778825362322863598804849969860417539261147331640820328472380313986090961343172543643102787981258595922234529790037046854406047957140529257253197200172833476266615577749626866697270804072571669361668992141098253584782256945402481390423964874430322569558514756880021668920190795113262665231407767585162879547899628522404579818478264715977641407256461297897969739971456016722092951959657188795036843235731435588851740400690134767254025854}', NULL, '0', NULL, '2021-09-17 20:47:13', '15b43d05d036921c649c6f02efb074db3806174e6088311e8e7e9456043f1069', '2021-09-18 10:47:14', '1');
INSERT INTO `transaction` VALUES ('b0906fe3986f44f9b81013a79179e640', '8359c6bdec8d422b9382c7fa68bc11a0', '{\"PUB\":3531587995176639357974222542788724474587060463386543306695462688305418047756232994407252029717362854302416486143538400528924193613107766569070905005054090673938315033538709515529401911612212894988117258333167464186912367789380476130297495227616116869663961662175834987962935871903150786190814895702321191926679688802581336935114487512483576754963744999484513898173771154507230761263885368563497574690823311851518928320862036261169013183824142142679381849116954453259075901428835828282302440744139523991810580598184727237133706307288685559410559848869120187955431078614948552561425511269244490338646872471733936515692,\"T1\":6484235354519274837873696747623247161120931411130035286762419344075026435527862585826898524219449422752841524495443097952016371646750714650622935258390717698439546224517750818449818140091249889997694289447804956829670477049010092041359381197923807297138135684293885211434298639495287889698640382500297782239573735405050089389157859103775093004615535232260126039801764007040397888228009696222992643688203302172983243681616500503555297635852227199724952469542755994015059265318859779823046999064329165699303256712805961560203511789768261500981663891930571267115851928848469417617791656667836017452050049592804623913436,\"T2\":3637462726216417112222359159974292610450752978005652972331328329291221016833184581134852282930107473871602334690611031697737149453150067065480555446076989777710018125653372320436251612066452578545556487485065485844670114137269433183376493246528808996686379328251234128027822360259093263969714853403020341315589227337515670371727498546779158071672117486164503495924397773706017668042442574791589706855555481999452800205323129498992864975341504082381929949510270532276900631786994551217994842977116202540068169392574387325846990095704835241296909569809689391038759317843060635894319477419447314925292514737374287095599}', '{\"PUB\":3651489710799298727113434173010393070042885388114624347252266133138896450626433286536173952548149495892893792880471917113432641834186509598847941267533297542040900007197899694889902730260006065075509831804984636846702692000009402613583097178564053909161437621823683288294930743335636603788564056326865605276674942232454234537179209601740375724227628152030392995840009809228528488697173820273714717574394627742214865880610050694303631572385404830296001187709251878927720305668572777783312399016538356112671555420968351698954460989713897433481581988822135873953658554908932984872334957380076180375150097553249039072580,\"T1\":3481599882662905368173415994032905291265742031803507400518564892576990115948307948791757316190021839467711786185505817437284597036185994691528683313894464917753382012372868453060052106831791461931169142360739358115984740003218438299673356731162913764454893963199588480290441706382182066185862221477030060261844847860180328807527266475471428843811609777264977115211766785567760640319381003278169600815846790460394946273557254139620152745080667394714690272478978292485475739829437495578616390555671881686968156978184792482373765609077462819420473812654227390927615016355776704879139185814622938819376947264610898171664,\"T2\":6777506137681837932980322946829904809767910128952429012967893743863298572881183966609520354454688476822768330584100545563918639608091675877614111084377732056437866912503238859069555777777245644622901646046068240706420754847406716198100751873586648881612536152175448673194943376443230731980239937986610462669458244279162035188995588621776298486035025475231207737315421929797846707100680292761138188744599628033946240748481871195539423529950049282873071215830667600175025411912017651829983154314776432408568049031377961727181964670119186629278537091126166704151184566093749931216933757201115161330396406018565055504464}', '{\"PUB\":3651489710799298727113434173010393070042885388114624347252266133138896450626433286536173952548149495892893792880471917113432641834186509598847941267533297542040900007197899694889902730260006065075509831804984636846702692000009402613583097178564053909161437621823683288294930743335636603788564056326865605276674942232454234537179209601740375724227628152030392995840009809228528488697173820273714717574394627742214865880610050694303631572385404830296001187709251878927720305668572777783312399016538356112671555420968351698954460989713897433481581988822135873953658554908932984872334957380076180375150097553249039072580,\"T1\":6292827080612125539194755836571185329150128478510101981784443993337905752427284451053005001863301236244007619766068520214518083840462099674425658776787795733015034675656333219755626846934437729311068159841218185803516917213641539129690878639009696977401627309901193109645751893004474172764960254525883705198907373254093509381539761003459624481382431417088448178577096700847567856834483111788765373181534705300607282782480265488156427963564654984625006692684015997505755795331413343146883796431779750422893754975559148231750398413436081575557205048575543362820745341009610004443248716694515960040939972485017899383621,\"T2\":6624054776619520198921324439574078563334920804481255506988996181498516582718773051420961416010004373956305879404628778850875299504331179375180964788606663702504580035104194423942988220059329858147661242936049674743088677432958563052245310931117280334277220974981557702450802942014050592513806243475779191627874186444482087417279286894043768696229179297245995788434447622595484072204092478812790230048384241203389065254298328506953722017569981006081802679501042318846364931545343904262218257212540894466204170020505957142173510322973448503122567837494779602528416667526714488423931713578577068568924157537048781715903}', '1', NULL, '2021-09-17 21:29:43', 'ec777b7414e13a07dc7a3692d29b45f7d60b7093e9a3bc63b476dafcf66f6d33', '2021-09-18 11:29:44', '1');
INSERT INTO `transaction` VALUES ('c548307382ef4a5c9e46e15658f3cc49', '8359c6bdec8d422b9382c7fa68bc11a0', '{\"PUB\":4485599546297328116407476022338913130526878763105094595169416071241493237689100182413853075507386745572008215779783255087648493027544788147099008035513875798032022677648245005183478062015030862945951977243943882554250739169676213332648950821430870986576366563325435470663539634818984682169647239494171818735869361115427069633285057558240367129173731713875884207306106158785619635136411358518944326534222498403000067545660105474395270373389675884522562777225602311997776351911830059915485454853161362854805799721583301274262768406892830853076334932300687777503179489889435324862682602334511607057095591729048800419797,\"T1\":2014414192688608360085947537973520573375560833703109230122911105543980344527011428874321539862894371514335790967468416746094222530088078968683963306730741762906168949356708847475176241629705499617695422156772385849339241421414451732101241259373492141626624043330080371685677568321203744115028065137819322777145656561228685785668967551543078853928696843938642487430450205316893242683361684555522468213881227414312382272708881989419275451543949440379825056085487234639850235442932913542291779643310906681762799668153678783118196903264915929330568295631310872927242523815135538158835042667521979401662641431187479176217,\"T2\":6515438245369436102767506932127081456613606239613500829618441329767783301530936752804240396863776353157835043287875629894925542622834101617892049019011018056528496085240970396568664036982840864416156541623335109734507532777393702337174159632185754079065891663013421437024113738228749879640289369985401615127943668197139565582726945207984778485567784017681885076159719533446025864957731344371350903097989190046951479559976020974849134782864942700238003609303671078235536149764433798858018031807354122555608419611378750954135590422006025194660955109668882207827297400140402672473774043345522317354586079940387661023232}', '{\"PUB\":1573665764096550742395991742379381834898009963975197546459807986193740291614447003488436555727830322253306674013778171956991160694563219169829139531678435960885990842783254434847061287512438536756208541613892330540579575361306151951387122874713520251194744866764197351950311014966664919303708909392325119747392701721065746085118118818266598997924045720718590713873958987070632579628355856575667464890468663213076804411423786031378938378941970620429256132937896153650924957052824552178662431843389302830970337260679456330036310506319385862409546172836422571334443116965582648109532338045432167667917571089565337371161,\"T1\":4588247436288095497055192914182167603368712129557325806805183866636455492760341777714262773489369677726000751386482104644644192291039060137422868441689210958442797237299283650876721978096209296409590516995540193458925460828612017827105416754013370278797250624631716110289727677943791978295351536040785195122942700445778821159457784967590743797498196930433389852900775896403057459224468676464166219076870670015876478950932090533688357952437508042873616500828978619200350873257127865070533484115269255566772066136694466194988685778785409881119291986028314068468345799995553097173172613062474812355051288516931296343600,\"T2\":1782061832277418411253467978805262573000709016640205771954695775089860588650892185569311395544787213456768565084067412946411595576509004323732290337780038461217683755841244666238987140923308396983833029170670719026345557179599414451451516818779617155219669536046421527041989082496907967258188878762616567564281727126092563662474445091389827179678961560709256251317706915364615225451390906064059066786515968965833021898793498620056837215651341808451255888559275668287077531918474293110012937045027265289594182703633770957781780976955142008067736304564784198084395752376676284262981010012858292199592219647939352260376}', NULL, '0', NULL, '2021-09-17 21:19:14', NULL, NULL, '1');
INSERT INTO `transaction` VALUES ('f007784e7c014254965edd7fe409b51a', '8359c6bdec8d422b9382c7fa68bc11a0', '{\"PUB\":2409035046841783322606125419290362631127798853989646512584469114247331856395168870082003693523889196292480717310057183098630991179824809219024530337348154569632215806276569181352407389649728150989069566710411304194808295762793786047987966925252159931927154973470476059476090655151108611246643768152538904035306941295388331360273903526878084275451432276123179266383749744285526138211841731988244107302418807724696387772678310080221622120853515470896248698780007360865166323317990031790790984852473900108414234830506134410075849706430466738414358388405693747272176152503802496279113009831258562338045917809680393308818,\"T1\":6372478635074533556278772189635245761546068517854264746846708581706042919983626707638008530965736373788502365015761704514461644203256473061932028455287427633910995514201521525965115938317137277266598005481667502491951405391023438614198283826805770056213010068403719793362648317547841704813785357886205007519592228794179818830352985203500900836434890003790021930341114048863768913646888779520353812001038208260462752663461693494248637383752442682141810716270836928540340715423657959390753987479284158176443227366297264899788479896454279672579728076913724089742679421977174296990936031190075610644420242707006691855509,\"T2\":4010361147452012527797466767052297906037593601106425502205001613938356861136805412603868352891253571239398522296429070572764386569587825485182404975260734681876530294259022101372678769880536706408688003005382824047510761849167378898266882924754879467441238325120235903639262363978561387054899996939551144908860874504552224918985447547348889542025605049230498230298333850454560331229593907887672058519177082726481943264182429945964536923048701401523860337582094455239450795811080509708378464861354746003647722407978156878773449538383475732413603812798129187387772155354246939717507841914754230906458897402128734755377}', '{\"PUB\":66011344935105234427447469472448144432935311659204332764325391892625226804762571866678307044929293806595204376445627205158656893404766619808394544993879715424774252444469233221660819186196025235610400742590681604305430806339311842057887780310074598635477844028509021941933879018106836653314135063240684019514651604068862274676903353725230947105792402756193325972926590153335575000458057753864300662364571102262026639762683470648753985842462534591558325449338497762843188079001002676017488227283250811379606153184420849367523898133096522675834122096867228639694591759329527316677844377484299831298235234064876353796,\"T1\":5145105332047563217904069685916400748462444732675168515437011039560996076867518429545889786717187244709949679280646436807245801806500203386890234598974743493847089609104513476640242421640287619330227032882105788972330440216804696546432894484565308085920935112177059443217790832884461523537740779524337171802118748797244455631617627729887606907582981408959399895846266578345215814171314046801095979766524303839009653425329153365116457088792913840892450988362592869133076790362878068041130983967746976887050974701858132337440427527850183781809018761260007065870868711002548135778567191704418887325919851481279919657643,\"T2\":7220551068515632820583072502312484782541306907115625167733306514424824484187454771602309440626943766405827037057638016781673953972284226557285245313105835433483262727588846714678569293950208930474724149364851379813897041405257299817530387140169222785863808647305767084313488286402032427366803239372287205094758562330748270252987579217378951326700998756425628200318952075435497825758963268671447259935368693477617318522264315929273013722346817929385172018890839843783908608459080729353032845243402410416042164066426788156015924897848238139912034782231577594539571262348167736081983721149708875236704768474434866569046}', NULL, '1', NULL, '2021-08-16 16:40:24', NULL, NULL, '1');
INSERT INTO `transaction` VALUES ('fcc58e1b886a4e439104a612a5eb14e0', '8359c6bdec8d422b9382c7fa68bc11a0', '{\"PUB\":3651489710799298727113434173010393070042885388114624347252266133138896450626433286536173952548149495892893792880471917113432641834186509598847941267533297542040900007197899694889902730260006065075509831804984636846702692000009402613583097178564053909161437621823683288294930743335636603788564056326865605276674942232454234537179209601740375724227628152030392995840009809228528488697173820273714717574394627742214865880610050694303631572385404830296001187709251878927720305668572777783312399016538356112671555420968351698954460989713897433481581988822135873953658554908932984872334957380076180375150097553249039072580,\"T1\":3399061343581361524481708591733665179854512742685959871573346600539385774592205166440066479482728756202890030868048903988673492254029531608804152517523156283872056259233147983006644461320286507299651462085565530159410099609902675706121484815264314856467063503659404686531437692249382088286853010278865367347176972547516348210487686237303577238969201330337425247081319516856709099448570057089643917232865433253646163994096333640556047015411698750813193344148802591267729831137931219637925263321705158630885559671477557702567795402915583225405557035057982793528526762348507071494665872074630122384175257067566402933053,\"T2\":4309831957592352759764664773407263686331888901863470164015990589507311853216914413687775287752721295813942021755736872014260470983766343319002085942825240476221491813916618248559372570421652505612143167335872669507618838185520845199921468093353912039411702869858038529203065393393862111650614932779139875659505470362329265640332342291844151352008301245300168416993868488133299741239162413887142906167177378746967819063831840221497119059469181530972157853414083345809568603181741602674863141735110295886601276927897380262665965650762615993101997171805918935025121712225126332961113247228354846251712489116941938791744}', '{\"PUB\":7506213844517566694720918520458729858145236570533539149637473886490350131783431231677921163032646079791560156140722580098075988333058028401809048639297167133477086807176541560964318666548910649233014928602664760596873313914576381552829874108427613328500654836795473495116588382315676675635045391478252351568648343399308297518072602898820085006737367611285250895028084341036223093480478587431877039620302179193027526741427169831926192984498770859013834216490794976492234955044184079314672471943772807692149377581288279903760101340666299282234276886317319108707300800491130671265100970291933372735468744791504450472261,\"T1\":1817810228706896254775083239776880890304865944002078765291910335028750834160139525417867998984750979554010066730139074256593069044997611325569412384645711106194469019525964960412386020659627149934947034487532237028311341054575489343910211382013613729743564788373992929469407352570456440778447222511634156640315650065262267452704155003298129228909635763225081142840318528226559513000066116261275564372334478451440825924545302636088352669222220463333783771618946041427763796991398694047925461461681498215389984505555419705052855985481135853584159736127821936362885154806812299864482727872755980624688492648634125722752,\"T2\":1354599513073428159015926900075503830568581783678353711498921796209661433345793234409533969213191974551801628398217656477682701390462968219792866108332235833137414088262412115931800093096334212190952458231845399759200491311800564917816256546664529432193963110955441950794473730473018963550651182786462337118237548447074949522671082873438647644097382811738405484049277139304569847230217820589507279017943880556044683970232595940218690135079000813451138573253125728292044917439359664753164613088037415468227502974933155964863060368138468976396491299105373168437803150545199008999060045640822060138116302428995351873954}', NULL, '2', NULL, '2021-09-17 21:31:18', '2ead57b89d4c7c5b49ab5c95de9b4683b53e6f4b2ec83fbed5afbf4dfd77d72e', '2021-09-18 11:31:19', '1');

-- ----------------------------
-- Table structure for user
-- ----------------------------
DROP TABLE IF EXISTS `user`;
CREATE TABLE `user`  (
  `userId` varchar(255) CHARACTER SET utf8mb4 COLLATE utf8mb4_0900_ai_ci NOT NULL,
  `username` varchar(255) CHARACTER SET utf8mb4 COLLATE utf8mb4_0900_ai_ci NULL DEFAULT NULL,
  `password` varchar(255) CHARACTER SET utf8mb4 COLLATE utf8mb4_0900_ai_ci NULL DEFAULT NULL,
  `phoneNumber` varchar(255) CHARACTER SET utf8mb4 COLLATE utf8mb4_0900_ai_ci NULL DEFAULT NULL,
  `idCard` varchar(2000) CHARACTER SET utf8mb4 COLLATE utf8mb4_0900_ai_ci NULL DEFAULT NULL COMMENT '密文',
  `email` varchar(255) CHARACTER SET utf8mb4 COLLATE utf8mb4_0900_ai_ci NULL DEFAULT NULL,
  `sex` enum('0','1') CHARACTER SET utf8 COLLATE utf8_general_ci NULL DEFAULT NULL,
  `remains` varchar(2000) CHARACTER SET utf8mb4 COLLATE utf8mb4_0900_ai_ci NULL DEFAULT NULL COMMENT '密文',
  `storageSpace` varchar(2000) CHARACTER SET utf8mb4 COLLATE utf8mb4_0900_ai_ci NULL DEFAULT NULL COMMENT '密文',
  `publicKey` varchar(2000) CHARACTER SET utf8 COLLATE utf8_general_ci NULL DEFAULT NULL,
  `hasUsedStorage` varchar(2000) CHARACTER SET utf8mb4 COLLATE utf8mb4_0900_ai_ci NULL DEFAULT NULL COMMENT '密文',
  PRIMARY KEY (`userId`) USING BTREE
) ENGINE = InnoDB CHARACTER SET = utf8mb4 COLLATE = utf8mb4_0900_ai_ci ROW_FORMAT = Dynamic;

-- ----------------------------
-- Records of user
-- ----------------------------
INSERT INTO `user` VALUES ('1', 'Gawaine', NULL, NULL, NULL, NULL, '0', '{\"PUB\":1236583934175293761204088916552086697805839733217122571701716712589972292341641289154754150737608531435418235479223961610590178230925173264682516112460322932691117271674113669049706653041087703650948498289416423228863722940491968474690981862624428017039492162196135817096289700546407262625813630268008438600601730755663404805130210649650813142612868039781446463500357401428571894808344059827362955125600331452562114212800142524890714873277392120879750920125043025125851821855815027251713227395561358037940817397870001775721432966212974677243177491075848792307955159655477778565782097767329352203158902772491439183268,\"T1\":7773772541084977160841097163450834522765176062453584234789001522387731761588846180255612217893158069930321450530045411512173050579172550177785854516489570215545347515503000478975525921875245401217926502386977341287522399316204572160801218581965787504944033414843471339744252063867841410878908104159719529889242198079404668416903437530627458771766984620572126249362897396851928109039023072096483785303767356193792576954674170654814852513986624630870827990887958014403125729089998552750903138333983941105576025038305429282321700592651608169205547658370726754299239936052310356879232669938161316380023355091240345824577,\"T2\":6044994608424497323124884009350910717776568439302053101789132614075121293949077919421099028599036347018290150643126782385677370328910690587240661919950445736161321264713946669838901549411881743753064374236017371558151280476859043293293409042935995541568650582137597559622081206074020341164035367184703256275447688165182692249919364270675845456017555790770290784829294353616408208741606977004287519344475131735351566340151738965465257746059601734278055802953919594964876872294825188504543497804259222547550512729679499727488809403059320273131208650178653394348056844726616503617628117883036381487605985425829557871796}', '300', NULL, '157');
INSERT INTO `user` VALUES ('2', 'Lancelot·Du·Lake', NULL, NULL, NULL, NULL, '0', '250', '250', NULL, '123');
INSERT INTO `user` VALUES ('3', 'Guinevere', NULL, NULL, NULL, NULL, '1', '150', '300', NULL, '233');
INSERT INTO `user` VALUES ('4', 'Artoria ', NULL, NULL, NULL, NULL, '1', '340', '444', NULL, '297');
INSERT INTO `user` VALUES ('5', 'Mordred', NULL, NULL, NULL, NULL, '0', '300', '500', NULL, '349');
INSERT INTO `user` VALUES ('6', 'Merlin', NULL, NULL, NULL, NULL, '0', '100', '600', NULL, '147');
INSERT INTO `user` VALUES ('7', 'Morgan', NULL, NULL, NULL, NULL, '1', '200', '400', NULL, '379');
INSERT INTO `user` VALUES ('8359c6bdec8d422b9382c7fa68bc11a0', 'wfwt', '8d969eef6ecad3c29a3a629280e686cf0c3f5d5a86aff3ca12020c923adc6c92', '119', '{\"PUB\":5367381951479657111316872427350290763764595340160483976298553489025387269900709782375100720688260902727095394017093773070437279261139133863904652902993932327539522506021892864770228431327898681621937801555548429990015484709897771009713458949448922894610438714101309046844806381464991059916417643836394775824367430081508110923071840291873145242806344648661812840462188687559279769072026747511457896026420917023236001899120964618031931735981118718573181410748746459740085577801206768955836179835598117445250085241395778443098516129675035080943467062104532884338029766020815178911567302723713999575794685429054208621897,\"T1\":4995235770696698784109170554569850932165167287902555121947396444788149918619482893705912656985198963907341909489439742405473048699362775440956442009478915321358253874807039198710967115096317148102833197007340051512625613070189592156436137303965957276844696059883853394581795838979714431526054237924815767139787310475708257094472005254756011331911051712984922122857434452832753128220541328874063602854951894470057968424673106377713475130457207974591342060112190685825914419136208901847865903712638867036788638568622971832767788192395699240859776459502508937188944664006120892814130715780441119164937329641732279948684,\"T2\":4323262580876839120953001412255545900006601494147454240247658319662502897127248554955788623344512035534560240973869740134587988407467722455026542461445328833201868418901044470742124661045716391044335902089554032230402953517690719957568733586383403731958719629728639624893899825320304737765219064374057165172003786696420956878758838883281995570265608051846970388005500534626227731861142857435593696859341544032489573384101650600350642782602815346818532327897720396002743811059020863188982621524957945510768372917533642397462106432209182802877506893014880795919338663354877156874131020832256835679885732493699890956808}', '110@163.com', '1', '{\"PUB\":462811204387557862969798980990371183999983981245045445870228636844649338672767896996200487652674130849123381668646688742847973864932196824367199347787745346781729307709941287857017489312402490164108681365316023364439890761221024391070365548870976435664872691826629726155183507800241857773022181360058617337171744998792832827741622179954877719036802889092506703426008336715640040022573555218627001861482544607728207738230179752627876452196652148570410454616827906627379454612524841486309789111085689466091579691848226547696292362261046316138287034317340929517612737256214766345119512653160791437547687666123673786692,\"T1\":2170697630510783879774009283340143818401479393575926388947918593103246076593323057681220929990475126788530331329661534515662382647125726165327493495328365080336851362642907106172949711631490584033985226259971481077242951299458764298344541502447989258137503989791526147679174425480626923994432209199984313263165682661858901664799789178443392141594419260164079699484840399222889085148884450055745862966412675798651651949119068168298172947281059980874393770745618856535843675437209554313902734487859787589754858208047238051776794768752793199201255251459679422590735285124890328676666760692390022990840635021477389902047,\"T2\":1044184690399731001639622731459011258190185081230255647901741955049557368865561262561174881389820746501367428244565344589203176088332029628620672965875744125155190645245882551685433133105703626072077570787282977862228693055744858224776595381377172143069861785907406636400916163141510939958843553748516887320189913001256726303367044575911319509493761983252976422526233628296182982133997962688092074842485962324700972496218407028469232777921844332662838259786519431978956017629090032099208141881817894910525828846391079482231428556051974643687358470791145894101601838053669989774733662664724284872873031598893352581796}', '{\"PUB\":462811204387557862969798980990371183999983981245045445870228636844649338672767896996200487652674130849123381668646688742847973864932196824367199347787745346781729307709941287857017489312402490164108681365316023364439890761221024391070365548870976435664872691826629726155183507800241857773022181360058617337171744998792832827741622179954877719036802889092506703426008336715640040022573555218627001861482544607728207738230179752627876452196652148570410454616827906627379454612524841486309789111085689466091579691848226547696292362261046316138287034317340929517612737256214766345119512653160791437547687666123673786692,\"T1\":687633328711603219873783326906739034880880794246923314870285502223425546163261338147820821268397803514655149262302394695015012309641727067531267080253445394148871638866951189179985004709603175083193202444722206024240379650741651895793698428662613257051382345200333418163702351022230509055993754771871668844369248130514841890747631947966649596070281349526726108623309073695941391412550790816820479297543596690954609539335593760736213493073494146787207719043525766016671961690035425186261643275405468429609226037304089688131429088349933905249955971668857307269940211789135056225420861089529961556031485460270526168370,\"T2\":4943177189744533522242962058133861552559387735981978543132950677121179918719850672354609702815523857923113509281518610008321121137745987432133524982644740627309422826435351809935980903500140878903320465404148295250224190254008430902487205280228922013677027124172883816239492296618545921486799890254976200031295748871963767286627321297340821493676283022625156804151668778934979966826687730051584772924404248916575529168143180429719783043860495603148021500461292802128856411712635084238440336994593999846236300308879265708004854407801606089387760895501771853849824344935009853903250295694580158604030312070577173820700}', '3761515516213336701420491098523496377411074387705264468105390845371316813931444623756535065279146495871499934724858725499389853165136234224658109938351115798277356051192794902859963646210795722161399371475748876641735350505353668289190407480620164505330779630925448130272978690029665668955308790899705881091874906712985751298706673185576998716267172633530968206687163354353905827927289775648088893452577236509875181264507541698035744390283359930179938566508561586987330848280468030015484547146498052752675211228512026811984027080340012357278066420189046707750785962204035019118658615409936232792342602165864568574650', '{\"PUB\":3761515516213336701420491098523496377411074387705264468105390845371316813931444623756535065279146495871499934724858725499389853165136234224658109938351115798277356051192794902859963646210795722161399371475748876641735350505353668289190407480620164505330779630925448130272978690029665668955308790899705881091874906712985751298706673185576998716267172633530968206687163354353905827927289775648088893452577236509875181264507541698035744390283359930179938566508561586987330848280468030015484547146498052752675211228512026811984027080340012357278066420189046707750785962204035019118658615409936232792342602165864568574650,\"T1\":7046589057313293702480767249127231506320107255814061201738054340148113617643946603820246757880481064184667433627661047691897542261601484687619302685567495689549499497989433998615072480757980050704726829284905912676851502308002547418320467806481013194575475300752053252860377443135928403242922734863085482416006245283191316035313165515928136984481800247294093972114492491133625497985767601518354366760375397355305557241967968635044930079793061460422360431994423415614977598397460954249540151654283167553506406586589986379781360842623800141506966348316650290434227829779266193038153806828355761632112848620827865864878,\"T2\":2106875435790131774093554696319409826674671230597241685882428138383420741876662607431029855730224245355783314088520001603926253793387163857659583904881759521784561517573790002697342645319918226094220565532687320226932536669779643788889415458976342960347515487754095491806974288703516740899288477264111041578086241126130318647204835079363819081268174406392038817772853136413819261097118819705039193701183444541354770043552732083060598147442651832903693314390506979971802619507165853034313748805558660091992905218245102754277728852065891823609066341019252635431872645504102377243679626752743384258887821323543421233099}');
INSERT INTO `user` VALUES ('aa78cb6fccc94554ac60eb7732279a23', 'aabb', 'a665a45920422f9d417e4867efdc4fb8a04a1f3fff1fa07e998e86f7f7a27ae3', '110', '{\"PUB\":5692903953614808317579273405391279893607692133995848654312441682678222516039697951978834590219229929557079950474833640554503709429936059213787612236649543979477959421113123067943689427200099092670207428225066183872387163225247717171156411524642873181465496711651943036954167218815282386228304946476094587292247819125623072700861879397750507138530634512154942708291277044949013798521738885093279897742499473757612567672235684049509977528010919127649790095688979783603006089322412925928295913872915644528874092844921321732355397211025319136805709014113374506640938308212549972182527425608040717367938263278445550886848,\"T1\":5379776893678313779129250011985734844531523838507630546938050283021306339340339700683202034628712521280257959362269183392864416560290354526967563104509396056530362459657021379269693880099878807985048399150442669727697863751186493219963864982883866770194435335484480448698295159180406324735479103456841984301728942639180899623108472508787855037437381618346879168620142094994448517655461093369822541174546362393776485849970890896394751062256836185829246892146920240061164933804315560468791475615423496729884272015749230943482652407431766170352650023094748681422655476116638582781797804992394752805795978726982645937887,\"T2\":60366994328414192623248810928026405036306407229366936294848242392143415121656379315912363454845687449108119198529100419893913842949366878842710352802312052546533741788642766400729816178719214980928664745238402999691572005014880389814910841455039117969174346085227082585843309458808116715727845537691372662512222526544581970614442387413748745125294006673754401070888766654378528001629862079382210813038048458694367997343533247139216618726350555149944130898275161298950539523593224995800904987482076799039315392121630990964431883892979208023453096519301904275185143863097858106745767642488823836733183108109546474633}', '123@qq.com', '0', '{\"PUB\":3651489710799298727113434173010393070042885388114624347252266133138896450626433286536173952548149495892893792880471917113432641834186509598847941267533297542040900007197899694889902730260006065075509831804984636846702692000009402613583097178564053909161437621823683288294930743335636603788564056326865605276674942232454234537179209601740375724227628152030392995840009809228528488697173820273714717574394627742214865880610050694303631572385404830296001187709251878927720305668572777783312399016538356112671555420968351698954460989713897433481581988822135873953658554908932984872334957380076180375150097553249039072580,\"T1\":5794696870012891162105949494665196984826816040090023536857240674478215111865119732597266160654533600198857279842902320964613047565687602500489857294734829274270768638352865967788122279966030878798315359018398937935086406910950886831386371322095969735978496551470752057243369294805072094139126932299560017633009730634684823080322153140092672824003394784515304962071054172101778505502000805644954814653734844554899203903066837165324593724677608164502656450935552799348981832217046074318230041006112216250535099970953879577327697787112628456206026305135298804380314949032589635321130803643495635850201436584818316703811,\"T2\":3645703194359726009728255402716201255386074052741646750789381909814758274677450242260308137512804753900074841544988909261522279129661948808195611792188445333060885858483163033740630845599753537170224086361696985394257636347873752207689285495635299667102436002062025356485844186992247543353610525802580769140255030388381094867904045090767018038523814965918799250500585384892104844059379580545586366986812046122694893091746537352526798700092101056258494440290486816391709393060331155064900306772328809305629521170235153004570432424286604935899468348178537642569008322200527074695776926497160183477418131989982146057712}', '{\"PUB\":5692903953614808317579273405391279893607692133995848654312441682678222516039697951978834590219229929557079950474833640554503709429936059213787612236649543979477959421113123067943689427200099092670207428225066183872387163225247717171156411524642873181465496711651943036954167218815282386228304946476094587292247819125623072700861879397750507138530634512154942708291277044949013798521738885093279897742499473757612567672235684049509977528010919127649790095688979783603006089322412925928295913872915644528874092844921321732355397211025319136805709014113374506640938308212549972182527425608040717367938263278445550886848,\"T1\":2843422726708444589509459132569098987333732196039456013912546581999115021610825792326691960981608247113280420189733188191722140862787118243196882704634180223429008438818778363513556755779790277943730293569999936890738721367717583145090253906103684352615229148415703392859718019225732873606920126452298670975443703576682533965876540517146306991555511457948058672521267966531084372822127313498726889425971294518122126192889640857275486173854018426430951306597919365264554979314272870048704423325426158394722252593021925796407914237901300297283051378011848906546187586267639920747856374452415228230686029966518381528185,\"T2\":5808728260612862120613357289681723792993233358696466377476523856177277285481903005928843305733006770614251378606882439539865692404020081931567034473623545087690255152166976596843800842664693198947756194509280732973578211389011336013347964085770839143606177250733444248675892377153429222549135460354640529009266956452403740364897086688263082746379968586651586414255380796207566329581578272833083449911565587436714740605024705794326675685518993378086511740615544098265512596181493722784543350350151540555606636950320239150778119980284725978692019967431788795232356797427583528823276219057042218063792000950074569603575}', '5692903953614808317579273405391279893607692133995848654312441682678222516039697951978834590219229929557079950474833640554503709429936059213787612236649543979477959421113123067943689427200099092670207428225066183872387163225247717171156411524642873181465496711651943036954167218815282386228304946476094587292247819125623072700861879397750507138530634512154942708291277044949013798521738885093279897742499473757612567672235684049509977528010919127649790095688979783603006089322412925928295913872915644528874092844921321732355397211025319136805709014113374506640938308212549972182527425608040717367938263278445550886848', '{\"PUB\":5692903953614808317579273405391279893607692133995848654312441682678222516039697951978834590219229929557079950474833640554503709429936059213787612236649543979477959421113123067943689427200099092670207428225066183872387163225247717171156411524642873181465496711651943036954167218815282386228304946476094587292247819125623072700861879397750507138530634512154942708291277044949013798521738885093279897742499473757612567672235684049509977528010919127649790095688979783603006089322412925928295913872915644528874092844921321732355397211025319136805709014113374506640938308212549972182527425608040717367938263278445550886848,\"T1\":446855998252988455126346515357356833648896856426387771735653457109609528583216357508889755096480984441559841561813426024549207301058201055568224773619184904873920158562666700601754834489023532993756690235230621283368232998397951131870214614301846987890280584273563758983955349030307749344117240206980513772852704595542626815559867901822597456331424857373553745179241115527845745924597336221699180501098783698309623205467841900094145237467884669515090352239964480170562512339476645329752988472624642112722433800629920880516159767947118235851867607323664067843413383397616515092506394936108495704924827231652077955895,\"T2\":3124231637758227092550667662925571988103277823706607009510340358210582917543277529949446572515283685117938171099901065219717291653430996447747269541280304720105591301442390528888918932170915257106642260166345094210125425770005589314647681534579298383960297253713520814784674485042086139285600132034580262986927272793099907064260598570082576138697691848868146728681804897774171252282601167449244572804980835383668160959841529387916579215835549496852677925818497249134079421403756851447000826555273312549502438151653751847585840040941889849900522905083220296893454098326601968305300690104079666257008396650307976315529}');

SET FOREIGN_KEY_CHECKS = 1;
