/*
 Navicat Premium Data Transfer

 Source Server         : mysql
 Source Server Type    : MySQL
 Source Server Version : 80023
 Source Host           : localhost:3306
 Source Schema         : blockchain_evidence

 Target Server Type    : MySQL
 Target Server Version : 80023
 File Encoding         : 65001

 Date: 07/09/2021 00:02:28
*/

SET NAMES utf8mb4;
SET FOREIGN_KEY_CHECKS = 0;

-- ----------------------------
-- Table structure for aut_manager
-- ----------------------------
DROP TABLE IF EXISTS `aut_manager`;
CREATE TABLE `aut_manager`  (
  `autManId` varchar(255) CHARACTER SET utf8mb4 COLLATE utf8mb4_0900_ai_ci NOT NULL,
  `autName` varchar(255) CHARACTER SET utf8mb4 COLLATE utf8mb4_0900_ai_ci NULL DEFAULT NULL,
  `password` varchar(255) CHARACTER SET utf8mb4 COLLATE utf8mb4_0900_ai_ci NULL DEFAULT NULL,
  `phoneNumber` varchar(255) CHARACTER SET utf8mb4 COLLATE utf8mb4_0900_ai_ci NULL DEFAULT NULL,
  `idCard` varchar(2000) CHARACTER SET utf8mb4 COLLATE utf8mb4_0900_ai_ci NULL DEFAULT NULL COMMENT '密文',
  `email` varchar(255) CHARACTER SET utf8mb4 COLLATE utf8mb4_0900_ai_ci NULL DEFAULT NULL,
  `sex` enum('0','1') CHARACTER SET utf8mb4 COLLATE utf8mb4_0900_ai_ci NULL DEFAULT NULL,
  `organizationId` varchar(255) CHARACTER SET utf8mb4 COLLATE utf8mb4_0900_ai_ci NULL DEFAULT NULL COMMENT '外键',
  PRIMARY KEY (`autManId`) USING BTREE,
  INDEX `organization`(`organizationId`) USING BTREE,
  CONSTRAINT `organization` FOREIGN KEY (`organizationId`) REFERENCES `organization` (`organizationId`) ON DELETE RESTRICT ON UPDATE RESTRICT
) ENGINE = InnoDB CHARACTER SET = utf8mb4 COLLATE = utf8mb4_0900_ai_ci ROW_FORMAT = Dynamic;

-- ----------------------------
-- Records of aut_manager
-- ----------------------------
INSERT INTO `aut_manager` VALUES ('1', 'Sigrdrifa', NULL, NULL, NULL, NULL, '1', '1');
INSERT INTO `aut_manager` VALUES ('2', 'Brynhildr', NULL, NULL, NULL, NULL, '1', '2');
INSERT INTO `aut_manager` VALUES ('bca3a7117e20432da46c182633d7b372', 'aabb', '8d969eef6ecad3c29a3a629280e686cf0c3f5d5a86aff3ca12020c923adc6c92', '119', '{\"PUB\":3449815693130951625897573519621319592257856739364921369607803948966288651858063742436913397778943828072850149289385301123413475551596027349085201785113109044893440230651065351963288788540673772455817274648045041547525558544187921953796089612446713797866838276637606389099378860912438596665003231468489520751385714791036026830027100351632815559310724918100358837019469348718271174886023975954585835225375016328927942372402388031832243047491454805852929608427032400244019281877040946321632489363049918840323300917565207716950630729732580351910159252206212235198671721381648981245250580682172509433896163249204976097246,\"T1\":7218853226164390158657864792631382114650338196693092278049423659792970901340609323544235106196025836154414016620823328138453425355846681211138794252834549279343669546013371373569850524917520555983750515372110878449298571189724971655406871182931883745573215462842900086105252871447521897655653079344975204185322591822266544074316810566096716193675643016236827878069174195295708805971362206531857906162358526249894037706071545615322415450367120579008867900136177808433714353150224037928985167135869200124717294587737487002314706975833598660966545801490756618007368145118576006018964588401145009008504793957045259997110,\"T2\":2064395537552050805865422508601065536470830343611465461114087599342987350500028970102662502023634195265218938053683045779312684538367537091162251452224264539193493778354110955019734195962540359082577064173870943710717933034906337500708504032315571680643381820581380449193457609113280508996564102322690221906647093204718485368103018002200658933793174208025854004921009030448077745727726420491788363342152576687434025749331033991717981020049122453387832590333959265025619515488460689798856512675280959893008036101972492166185757394979457648422635061260442904674705698844015409290140468267938642104611218382580871622368}', '110@163.com', '1', '2');

-- ----------------------------
-- Table structure for evidence
-- ----------------------------
DROP TABLE IF EXISTS `evidence`;
CREATE TABLE `evidence`  (
  `evidenceId` varchar(255) CHARACTER SET utf8mb4 COLLATE utf8mb4_0900_ai_ci NOT NULL,
  `userId` varchar(255) CHARACTER SET utf8mb4 COLLATE utf8mb4_0900_ai_ci NULL DEFAULT NULL COMMENT '外键',
  `evidenceType` enum('0','1','2','3','4','5','6') CHARACTER SET utf8mb4 COLLATE utf8mb4_0900_ai_ci NULL DEFAULT NULL,
  `evidenceName` varchar(2000) CHARACTER SET utf8mb4 COLLATE utf8mb4_0900_ai_ci NULL DEFAULT NULL COMMENT '密文',
  `filePath` varchar(255) CHARACTER SET utf8mb4 COLLATE utf8mb4_0900_ai_ci NULL DEFAULT NULL,
  `fileSize` varchar(2000) CHARACTER SET utf8mb4 COLLATE utf8mb4_0900_ai_ci NULL DEFAULT NULL COMMENT '密文',
  `fileHash` varchar(255) CHARACTER SET utf8mb4 COLLATE utf8mb4_0900_ai_ci NULL DEFAULT NULL,
  `evidenceBlockchainId` varchar(255) CHARACTER SET utf8mb4 COLLATE utf8mb4_0900_ai_ci NULL DEFAULT NULL,
  `blockchainTime` datetime(0) NULL DEFAULT NULL,
  `evidenceTime` datetime(0) NULL DEFAULT NULL,
  `organizationId` varchar(255) CHARACTER SET utf8mb4 COLLATE utf8mb4_0900_ai_ci NULL DEFAULT NULL COMMENT '外键',
  `notaryId` varchar(255) CHARACTER SET utf8mb4 COLLATE utf8mb4_0900_ai_ci NULL DEFAULT NULL COMMENT '外键',
  `notarizationStatus` enum('0','1','2','3','4') CHARACTER SET utf8mb4 COLLATE utf8mb4_0900_ai_ci NULL DEFAULT NULL,
  `transactionID` varchar(255) CHARACTER SET utf8mb4 COLLATE utf8mb4_0900_ai_ci NULL DEFAULT NULL,
  `notarizationStartTime` datetime(0) NULL DEFAULT NULL,
  `notarizationMoney` varchar(2000) CHARACTER SET utf8mb4 COLLATE utf8mb4_0900_ai_ci NULL DEFAULT NULL COMMENT '密文',
  `notarizationType` varchar(255) CHARACTER SET utf8mb4 COLLATE utf8mb4_0900_ai_ci NULL DEFAULT NULL,
  `notarizationInformation` varchar(255) CHARACTER SET utf8mb4 COLLATE utf8mb4_0900_ai_ci NULL DEFAULT NULL,
  `notarizationEndTime` datetime(0) NULL DEFAULT NULL,
  `notarizationMatters` varchar(255) CHARACTER SET utf8mb4 COLLATE utf8mb4_0900_ai_ci NULL DEFAULT NULL,
  `notarizationBlockchainIdStart` varchar(255) CHARACTER SET utf8mb4 COLLATE utf8mb4_0900_ai_ci NULL DEFAULT NULL,
  `notarizationBlockchainIdEnd` varchar(255) CHARACTER SET utf8mb4 COLLATE utf8mb4_0900_ai_ci NULL DEFAULT NULL,
  `transactionStatus` enum('0','1') CHARACTER SET utf8mb4 COLLATE utf8mb4_0900_ai_ci NULL DEFAULT NULL,
  PRIMARY KEY (`evidenceId`) USING BTREE,
  INDEX `userId`(`userId`) USING BTREE,
  INDEX `organizationId`(`organizationId`) USING BTREE,
  INDEX `notaryId`(`notaryId`) USING BTREE,
  INDEX `transactionID`(`transactionID`) USING BTREE,
  CONSTRAINT `evidence_ibfk_1` FOREIGN KEY (`userId`) REFERENCES `user` (`userId`) ON DELETE RESTRICT ON UPDATE RESTRICT,
  CONSTRAINT `evidence_ibfk_2` FOREIGN KEY (`organizationId`) REFERENCES `organization` (`organizationId`) ON DELETE RESTRICT ON UPDATE RESTRICT,
  CONSTRAINT `evidence_ibfk_3` FOREIGN KEY (`notaryId`) REFERENCES `notary` (`notaryId`) ON DELETE RESTRICT ON UPDATE RESTRICT,
  CONSTRAINT `evidence_ibfk_4` FOREIGN KEY (`transactionID`) REFERENCES `transaction` (`transactionId`) ON DELETE RESTRICT ON UPDATE RESTRICT
) ENGINE = InnoDB CHARACTER SET = utf8mb4 COLLATE = utf8mb4_0900_ai_ci ROW_FORMAT = Dynamic;

-- ----------------------------
-- Records of evidence
-- ----------------------------
INSERT INTO `evidence` VALUES ('1', '8359c6bdec8d422b9382c7fa68bc11a0', '1', 'Agares', NULL, NULL, '1111', NULL, NULL, NULL, '1', '1', '1', '7fb2acc72a044f47b4c9febe8e481e4d', '2021-08-11 22:31:46', '{\"PUB\":5515409226158832788791739112526812287228939154265738021408906143681734974917774697352737939015245200265821775449522077124557371791126659243190498760360617858566844625357728784916487482222997019173897811401399021603983067307715815319793352403365072303452824936158879322449237232369214455650704048420347036482526472786986112227169504386677347361212577156403390041947014525720736961689685034147981870071035327561299461929001433114860320714792506075997988869602459087324965783811417730920626889980461038194156729460967919365665361658562988960721501114889420847534426855676373651549028783713400942349155282937562417483493,\"T1\":52605796862049384494727661549331583919425827956842535589707779300517306147291695478305512708520603608582124646782360678122189925925058079903526184217533867210825505208220348619154090974314901690807564922588246554439736365875891217271672629923611398777010924565320565011951377176603086198676666247224520225644870559174456410615388909543863616734531326931815870453417042287049118409171047154996861039300225184364106775913057894657594155159730872018180722208426910140869543987805449505628950736542068767639328181711984991413609724612740690992648834360954135899660029340736855703036256220207286962997123976510751082890,\"T2\":3903612103493007053391257979054303706501185834771054170328836556711690773697789721750595120578865562346519010597397180605166604953540511655523728932118028164008977745213034184691497194700815517788674474310054139842268545362971043549346215059414456460767480954401622943753366447398684130797017168657967534664536421785511749559746558400323248294624345710449907959698461800289716547319792005888264257639336263552293315139269610449243226677409237457113899458580663760276718259802199903216883173495088930432415048030816294722261890933881735684194379440648049366898980882317639172559711426393288095489160038526889159170117}', '0', NULL, '2021-08-19 19:38:35', '公证', NULL, NULL, '1');
INSERT INTO `evidence` VALUES ('2', '1', '2', 'Barbatos', NULL, NULL, '111', NULL, NULL, NULL, '1', NULL, '1', '1', '2021-07-31 11:24:57', NULL, NULL, NULL, NULL, NULL, NULL, NULL, NULL);
INSERT INTO `evidence` VALUES ('3', '2', '1', 'Bael', NULL, NULL, '11', NULL, NULL, NULL, '2', '5', '0', NULL, '2021-08-04 11:24:51', NULL, NULL, NULL, NULL, NULL, NULL, NULL, NULL);
INSERT INTO `evidence` VALUES ('4', '1', '3', 'Cimeries', NULL, NULL, '1', NULL, NULL, NULL, NULL, 'e4ec67bace524705bf5ae1e49e0beea3', '2', NULL, NULL, NULL, NULL, NULL, NULL, NULL, NULL, NULL, NULL);

-- ----------------------------
-- Table structure for manager
-- ----------------------------
DROP TABLE IF EXISTS `manager`;
CREATE TABLE `manager`  (
  `manId` varchar(255) CHARACTER SET utf8mb4 COLLATE utf8mb4_0900_ai_ci NOT NULL,
  `username` varchar(255) CHARACTER SET utf8mb4 COLLATE utf8mb4_0900_ai_ci NULL DEFAULT NULL,
  `password` varchar(255) CHARACTER SET utf8mb4 COLLATE utf8mb4_0900_ai_ci NULL DEFAULT NULL,
  `phoneNumber` varchar(255) CHARACTER SET utf8mb4 COLLATE utf8mb4_0900_ai_ci NULL DEFAULT NULL,
  `idCard` varchar(2000) CHARACTER SET utf8mb4 COLLATE utf8mb4_0900_ai_ci NULL DEFAULT NULL COMMENT '密文',
  `email` varchar(255) CHARACTER SET utf8mb4 COLLATE utf8mb4_0900_ai_ci NULL DEFAULT NULL,
  `sex` enum('0','1') CHARACTER SET utf8mb4 COLLATE utf8mb4_0900_ai_ci NULL DEFAULT NULL,
  PRIMARY KEY (`manId`) USING BTREE
) ENGINE = InnoDB CHARACTER SET = utf8mb4 COLLATE = utf8mb4_0900_ai_ci ROW_FORMAT = Dynamic;

-- ----------------------------
-- Records of manager
-- ----------------------------
INSERT INTO `manager` VALUES ('f61d3be464934359baf7ea5be4bf170d', 'aabb', '8d969eef6ecad3c29a3a629280e686cf0c3f5d5a86aff3ca12020c923adc6c92', '119', '{\"PUB\":6682581182268683001901470919472614996472860109888209985202568941519957386891970752582753830134685975492467037074792714521305765358102490287913246861465707605522356818412440667899897465318098117071119046465009489865390242846274650699673937491191632036401320141541796863605758703736288174114871973781089278583432809558116518031808665173328649058805338630357428428181193822372998382861772354285018028350032683826988271050289006118112401055351196321848394212712819188185283468825655626218574915852930181130738345478292587056643924476701824484845161356668383941366439430084157978508798194552462881201738989851617451368560,\"T1\":2076606646066278410882142936291254842789950178362931285407576086605672807550983465521126072053926644637216392463443603018438935457580378039386724267679953007863499026922586736394282908449330782567555717800925397864522293710454258951251905926158317158900529145925181660721199804532890016298634352417592371666264411123504280952242660688303685123111821771451214958049734832497643407436747422878690127785721448398166863420915246610783107687537199755891006862799057511612252038499006752729616656188300178432624593146181143519911956693814827609897490774388414383294713643502132753903444370406361032141244667708666220327252,\"T2\":942824060825812480743071567072634519227596057927480054281927326805719677598696754384250167103728877878947686160065303016601697196801378843155984287944888861368569711566176569466352071416612442072239663320728390976890837145005399656268597652885375374495822225658633602668229596350965699253521584118165925729619658015118084361153982291391084746117768363866451679209981231135622419402073998031272410119058304291599551157815361337631955022866725412336179293971834069748461393829134946587824836897398331564512552555118676519217839336104352824978684343343804868017046073157081107674371914276834538813687339325886578638637}', '110@163.com', '1');

-- ----------------------------
-- Table structure for notarization_type
-- ----------------------------
DROP TABLE IF EXISTS `notarization_type`;
CREATE TABLE `notarization_type`  (
  `notarizationTypeId` varchar(255) CHARACTER SET utf8mb4 COLLATE utf8mb4_0900_ai_ci NOT NULL,
  `notarizationTypeName` varchar(255) CHARACTER SET utf8mb4 COLLATE utf8mb4_0900_ai_ci NULL DEFAULT NULL,
  `notarizationMoney` varchar(3000) CHARACTER SET utf8mb4 COLLATE utf8mb4_0900_ai_ci NULL DEFAULT NULL COMMENT '密文',
  PRIMARY KEY (`notarizationTypeId`) USING BTREE
) ENGINE = InnoDB CHARACTER SET = utf8mb4 COLLATE = utf8mb4_0900_ai_ci ROW_FORMAT = Dynamic;

-- ----------------------------
-- Records of notarization_type
-- ----------------------------
INSERT INTO `notarization_type` VALUES ('3d78d088391e4d60bd5f87891bded1dd', '学历公证', '{\"PUB\":2362669265981875613146838963482991324826162180158480470261197752869529580121108754325078332398014455542790460802500563766938452345594856150288519379290803492694937606466749475900304309175811059289998155716435214625159246630244305144377681556319680207147423112661835384284849987361985472945712139116249746736998460543556553414577399244414121533619297377019797340786296821550386809651377313407425897938010895484894089995365183797217131307650779986096301719199440907626803271721617943788843462521222160693475837862351497142077555941333164099437707226396897454586566767847695544169340229354041512871060020304161996887490,\"T1\":4297766607990262026914738734633652585405784856523970532185088605715760757727285450077882792510749553564586273692356065467784328844850635914706327317892834482179201949237635612776342171955519761017303645048798934609567623631460616907827054512413906097929811283976384982508346548162676023019911023428823886721104365116590168590898274184653566276241427707207888630358550368621759376773424973951041803217162838781885184514265479073422866088866690742728679293471320077699927571767968741005352272140533990542268425165452304824179079105883025467580912687748736273484264842644947978057328849730473050869515369738169017527132,\"T2\":3055532718690593333132057018208740683511392330197872657947806904439195072699999411685461525082088805768846279170037996481560563320633169608251354538289883124906224505541102928250272432156142777158868664849567890285167339319339743381253423936834770335026896934564415885186648765114797596250209677435058385435735271430845168116775253667657400298329118170412445785996752045143144841905759285327402239912940891020252574135965162275463195730877006592482396935688477683865664489342185338463534049783766208493398352685364413426256467341661699423566703950120065327046274081313683708329593877980048799113666369310873088460351}');
INSERT INTO `notarization_type` VALUES ('77e25b87e16e499eb67ae1ae30d39c3b', '驾驶证公证', '{\"PUB\":2815222587285476014956387928404763106796043369598941963415494489812825997015199038811542717629397644302040733372525326853974534250226513512874218859539466206867215207986749000093631117406809187512613959747860657963190151804389553296465348346497882897273147636535797105511194481137313015950820971470583270109857928101706399669606654135194554905802119317408707312085740643617904696879798510222845823996721934179454106757178137859445170474225246114466212683372568333383544030614225004850553904538994760708145971546576613550482521950098707786768040396625017248383334303760663491319897501059947787018766364843158141734688,\"T1\":3878503366268204979903799278632849081172474988658186879661607538746901336026971393268029836942724051975114147567849655067006536729521662727806076651190053376274013791168969045262876193245733269219618753458716885753013207900323213936913370154637338978989131056406973546023513990430788095198075476116464496482688396594701988442282136169553759906370828342243191600773858291853883657182565108048232699328568837366254086648686111791354980160339160308061762696128850056020527241609534104447844924737572809157212906101354921480084469575550213225217546120109931369295948633974299594407053431752359881395586870007423479652819,\"T2\":1767337603233543026616768602725990783634009784048705103898411639876036054909271510208252683853043120179591556218792967471799313523754136195971103393031605702089299969943248721423848580454161117095552994730656827779580172737585183411153204472562026217933060461602506486791417077305793599045749979936108792337941585408443799173851385956668294405907178879810522126078888674454578789394447577001556169967939766271194254681494070202363875114579286742441067966018870667236402245683677326455258690347074744843484427627648108811283098540616495396961980492808573233650904813104208844672786547363206141934970608786870129343659}');
INSERT INTO `notarization_type` VALUES ('ae06813fc84e48759766f6cd36a919d7', '房产公证', '{\"PUB\":1516474880702432590754230613648303852797072624329589399139374785686061186846805087024174715911414415786463289415233033337755935493386681497398141751029849074542506150325609048350377983440806316063562030402450636674793775925218049595319225338773899587638781830557249892240912607546352336461259789029537785900406532228236332901885940798956489363927474065426107776346522083240407509647455807766738515508966593188238631027370141541148160808425892980895238582855602682176891445141887164135588109630092578010893282665856992960381012851121419516883503715245624754767622671781055609688707987336277798233321524465349574409117,\"T1\":670600888247898006099926733663617677134276704566274421103458757517101255175796304056499802587471601985875572396153645633464201002244260872737643221747089504776885969794602073086961439651609144557193685282500239352529994523010836857600967788898387337760697379943117444241880691330009275262995580729442409584188180845390983268075837881204459389022365665103899083436859477174632770204804543749799203117004810752756663200213495162245812494109967789471835163748635741538533384523452134498454095606068184948957500078725881016054109560604783401621995522554605668760324243749515038687095273877117182406953284387563592171413,\"T2\":7244340377078770657665557244810855988972323273027873282950005697004020648912458110659908893183571654997526060114991567719195676809212848882399073740941018899735417420214605414523177474043464645305670736249738003034179016704126195521506227515117728851301378290915334298220897111684347554132189828219515320036802849242791978748903480265595857127792685129546176201761646303779099841176714510268020246270927988300600622619524498172242362739711500559888614009824241432383110503610448237930078977010409776091067614503841065895945674637906145298796220544027316371429108795325388802584813451152386070455108984605969000096133}');

-- ----------------------------
-- Table structure for notary
-- ----------------------------
DROP TABLE IF EXISTS `notary`;
CREATE TABLE `notary`  (
  `notaryId` varchar(255) CHARACTER SET utf8mb4 COLLATE utf8mb4_0900_ai_ci NOT NULL,
  `notaryName` varchar(255) CHARACTER SET utf8mb4 COLLATE utf8mb4_0900_ai_ci NULL DEFAULT NULL,
  `jobNumber` varchar(255) CHARACTER SET utf8mb4 COLLATE utf8mb4_0900_ai_ci NULL DEFAULT NULL,
  `password` varchar(255) CHARACTER SET utf8mb4 COLLATE utf8mb4_0900_ai_ci NULL DEFAULT NULL,
  `phoneNumber` varchar(255) CHARACTER SET utf8mb4 COLLATE utf8mb4_0900_ai_ci NULL DEFAULT NULL,
  `idCard` varchar(2000) CHARACTER SET utf8mb4 COLLATE utf8mb4_0900_ai_ci NULL DEFAULT NULL COMMENT '密文',
  `email` varchar(255) CHARACTER SET utf8mb4 COLLATE utf8mb4_0900_ai_ci NULL DEFAULT NULL,
  `sex` enum('0','1') CHARACTER SET utf8mb4 COLLATE utf8mb4_0900_ai_ci NULL DEFAULT NULL,
  `organizationId` varchar(255) CHARACTER SET utf8mb4 COLLATE utf8mb4_0900_ai_ci NULL DEFAULT NULL COMMENT '外键',
  `notarizationType` enum('0','1','2','3','4','5','6') CHARACTER SET utf8mb4 COLLATE utf8mb4_0900_ai_ci NULL DEFAULT NULL,
  `publicKey` varchar(2000) CHARACTER SET utf8mb4 COLLATE utf8mb4_0900_ai_ci NULL DEFAULT NULL,
  `workYear` varchar(255) CHARACTER SET utf8mb4 COLLATE utf8mb4_0900_ai_ci NULL DEFAULT NULL,
  `position` varchar(255) CHARACTER SET utf8mb4 COLLATE utf8mb4_0900_ai_ci NULL DEFAULT NULL,
  PRIMARY KEY (`notaryId`) USING BTREE,
  INDEX `organizationId`(`organizationId`) USING BTREE,
  CONSTRAINT `organizationId` FOREIGN KEY (`organizationId`) REFERENCES `organization` (`organizationId`) ON DELETE RESTRICT ON UPDATE RESTRICT
) ENGINE = InnoDB CHARACTER SET = utf8mb4 COLLATE = utf8mb4_0900_ai_ci ROW_FORMAT = Dynamic;

-- ----------------------------
-- Records of notary
-- ----------------------------
INSERT INTO `notary` VALUES ('0ba085d24f8a436c96c2958916b6da02', 'aabb', '123', 'a665a45920422f9d417e4867efdc4fb8a04a1f3fff1fa07e998e86f7f7a27ae3', '110', '350121', '110@qq.com', '1', '1', '1', '7000731928773135358172628675926367359647117244563351418939707811484625973811235046189865407803916966584880968894858681093404558903352985658035718429999766603704371757995076974587100419449197637199069792229865438314681297430337360919123218146020198908479162047620243635865241835446299653284984265694894620750752241795013983883594270605003787930814984277512280058746014168317301055634607723849938323847630487662146752649113842967826339954494706525194060393840520437728300740843046474231216664038966873054446501638136705477484137351949716442772152770269166512153443133577620400504574169186346747999648216619055427257252', '10', 'CEO');
INSERT INTO `notary` VALUES ('1', 'Nephthys', NULL, NULL, NULL, NULL, NULL, '1', '1', '0', NULL, NULL, NULL);
INSERT INTO `notary` VALUES ('2', 'Osiris', NULL, NULL, NULL, NULL, NULL, '0', '3', '1', NULL, NULL, NULL);
INSERT INTO `notary` VALUES ('2d9a232640b54f4096b8d618aa2915dd', 'PDD', '123', 'a665a45920422f9d417e4867efdc4fb8a04a1f3fff1fa07e998e86f7f7a27ae3', '110', '350121', '110@qq.com', '1', '69c2be6d629a4148a4517f7bf4d7112b', '1', '6873038110033014625532450211726056959022811044698638485216794668318974449717266666925509685630713842829677194972868058534681242427259812557556974124249778457500266496141413145246300118694559143415702771132154986093019788102122230418453993878318658055377889553364230711091900596302216368481344072197433532884646079488380336438988079365995360822841260592264483709895167932450779187264015613067727711481154983322344614455501343114662713880568077835398346001609433232032108246762583129087659651332245751490500822744282549549515393419075393766807822474362572918152455819441085340736151991908005784087168474069744646495757', NULL, NULL);
INSERT INTO `notary` VALUES ('3', 'Nut', NULL, NULL, NULL, NULL, NULL, '0', '2', '1', NULL, NULL, NULL);
INSERT INTO `notary` VALUES ('4', 'Horus', NULL, NULL, NULL, NULL, NULL, '0', '1', '0', NULL, NULL, NULL);
INSERT INTO `notary` VALUES ('5', 'Amon', NULL, NULL, NULL, NULL, NULL, '0', '2', '2', NULL, NULL, NULL);
INSERT INTO `notary` VALUES ('6', 'Medjed', NULL, NULL, NULL, NULL, NULL, '1', '1', '1', NULL, NULL, NULL);
INSERT INTO `notary` VALUES ('d6a95a372026408fbfb62ec64162a95f', 'boluosaidong', '123', '8d969eef6ecad3c29a3a629280e686cf0c3f5d5a86aff3ca12020c923adc6c92', '119', '{\"PUB\":7821466000390714542765477325237729066632503026827938940567320155634520580045114973609951538920672838950441837139561878643724288713846206821076621068598212472508300669252502080454023004035017663940097578432444659131674119173177665413575636718675794328854613442075368548444398305737014168210381700417083311196712132355934804213614600336321539954275566820549297637230966717880898666360484855823210182773620945774470555173159723352736288201819880002350562712244993532160982786612701082139228421238265332581666298512824190071882540081041605087734682383475137042284990167329011613340463140516347596997005416791307172095146,\"T1\":3392631068809598658109626495681464708971156007755608338781088559612448050617957866128929701231065906741736046086737023361853213149811796619365128071365011658028093839576827843739496870418694956075672899724894326515129779174198921006058228632109629234629644500689432792182306696816283716575058694335127815292011847604468511320260868701925547165869704202921621711453709915201343509296187853045998557989512213033525940493514034760547257786880122107582111595512128381096629834246243844738231188232350160665906115009486259118569886331145910548032344939156962535313788262483244928211076410569292219280381668472339240306894,\"T2\":4932272371769523438306739461190336914779229171465566036964265148626310898660690729062148158495651034934535781693512019414007559453304696886249432691610292000904832816552663581429616057940614088438613891330926401663803290462019448780641008455966316987794141234148852494652239483864882612564463467157073486574966609917685427037227923085194611400802987977341550968317461746552470848262876832649721601118235691871808794619350568361613256282833942289167251308292848352892999396233983877210637133197449095400761846945093456771218892467762161685829724199459834172765068170726064895931285425479244299657267450586317647387069}', '110@163.com', '1', '2', '0', '4640109750962408999726464821726754274021881481247219068066909739650239701487250518958721847485240616280602898758381802666647721205481692967711347006582010725445147180519838969921414653796239272905193074335264246006122041169290634140205115533174593433137416771657640722670261297290369276835126195908529172335392309807906856039461006834166944634298520004889502913965538893668269981347600082128822898143539981220548774274925906343042470629307098451140956346900003962411277563244605459261240863711173427570493500776779311353797078486176749452330618837601788120026568236516136297048342136082330411777550936590461505818610', '10', 'CEO');
INSERT INTO `notary` VALUES ('e4ec67bace524705bf5ae1e49e0beea3', 'yjjpaopao', '123', '8d969eef6ecad3c29a3a629280e686cf0c3f5d5a86aff3ca12020c923adc6c92', '119', '{\"PUB\":5454497352582702728541591517298026055272153042444497315685227938516982479805652269628005987979067271539020427828023047654294106987202209095726556431890011476799428453211472498149587658384930949170891011377202903991268308732962174970110669837074141797013326233558644083772489161956988833262723284774435701958087396624636474488401753898533937562050393042197452423217332566698692109557472794058444184130471019304032109288456716571736578103091116106085336095768120052376635340338615389308644930560625863142207197099005483651124879799703768626729899973583283720110408906491179765327326722116170455854159063583334120315480,\"T1\":7466882536277553626506381302118202556148590156725207635433822188289701712600229522481442960847918656663989135061120202323374830335296104000400834344440970366744218455005414058989321184945684274128849186897337988078391941231413811145101904115764172769896273785411018910972598093953036879878002299626647376256397001387377069635236931706769441942463606973583666578509094038106950792045560555656211275042548238928533688435621719613815685976587475790575904452691107888876203400797030642101356581077056419647577619444716051750346676454502188165984449000835213706353656669138590723312701584968099611890848367963726056820733,\"T2\":4290611864127073371084287032846236219910530172916797271608866376586366240552463275679454634508263259865579718469451456996873154820803246340407454928833496066938463737922714735901827718934518196194507238439709506410476578008645664219396080687630418507311836821425919596905160289737990000535982764197734814169427820518054768784167133036819699776165316788910446480592027826713647693727700057504042700207565101274933545160328953121331187201496065661979468548852484958322070863927488498224471833941193320249080015324385715883809482891086389496987246679375017006338112047284466436755564808199488102160512555490314086152089}', '110@163.com', '1', '2', '0', '1875252014894255870216755749170683381007441429184839513375239465807399688565331203248670088760233018426587873116296203997814394289465631974562552526389741919412171520835149225065966716836057993577220411361572372673370112149834308617546788674946266210914160468242962393146264486678726988875832348795703201690835154338111462502306456639555766071966523014352145972031063999898305508623529399190773635966759860153841484685746389097446979854357526763811653747142917217750841886402646861960609938127670525326107684955200764330647531306730774363761569821227145959405667262779648819212787125238091980818214769468153425447969', '10', 'CEO');

-- ----------------------------
-- Table structure for notary_statistics
-- ----------------------------
DROP TABLE IF EXISTS `notary_statistics`;
CREATE TABLE `notary_statistics`  (
  `notaryStatisticsId` varchar(255) CHARACTER SET utf8mb4 COLLATE utf8mb4_0900_ai_ci NOT NULL,
  `notstyId` varchar(255) CHARACTER SET utf8mb4 COLLATE utf8mb4_0900_ai_ci NULL DEFAULT NULL COMMENT '外键',
  `notaryName` varchar(255) CHARACTER SET utf8mb4 COLLATE utf8mb4_0900_ai_ci NULL DEFAULT NULL,
  `organizationName` varchar(255) CHARACTER SET utf8mb4 COLLATE utf8mb4_0900_ai_ci NULL DEFAULT NULL,
  `notarizationCount` int(0) NULL DEFAULT NULL,
  `notarizationTotalMoney` varchar(2000) CHARACTER SET utf8mb4 COLLATE utf8mb4_0900_ai_ci NULL DEFAULT NULL COMMENT '密文',
  `notarizationSuccessCount` int(0) NULL DEFAULT NULL,
  `notarizationType` enum('0','1','2','3','4','5','6') CHARACTER SET utf8mb4 COLLATE utf8mb4_0900_ai_ci NULL DEFAULT NULL,
  `timeFlag` datetime(0) NULL DEFAULT NULL,
  PRIMARY KEY (`notaryStatisticsId`) USING BTREE,
  INDEX `notstyId`(`notstyId`) USING BTREE,
  CONSTRAINT `notary_statistics_ibfk_1` FOREIGN KEY (`notstyId`) REFERENCES `notary` (`notaryId`) ON DELETE RESTRICT ON UPDATE RESTRICT
) ENGINE = InnoDB CHARACTER SET = utf8mb4 COLLATE = utf8mb4_0900_ai_ci ROW_FORMAT = Dynamic;

-- ----------------------------
-- Table structure for organization
-- ----------------------------
DROP TABLE IF EXISTS `organization`;
CREATE TABLE `organization`  (
  `organizationId` varchar(255) CHARACTER SET utf8mb4 COLLATE utf8mb4_0900_ai_ci NOT NULL,
  `organizationName` varchar(255) CHARACTER SET utf8mb4 COLLATE utf8mb4_0900_ai_ci NULL DEFAULT NULL,
  `address` varchar(255) CHARACTER SET utf8mb4 COLLATE utf8mb4_0900_ai_ci NULL DEFAULT NULL,
  `phoneNumber` varchar(255) CHARACTER SET utf8mb4 COLLATE utf8mb4_0900_ai_ci NULL DEFAULT NULL,
  `email` varchar(255) CHARACTER SET utf8mb4 COLLATE utf8mb4_0900_ai_ci NULL DEFAULT NULL,
  `legalPeople` varchar(255) CHARACTER SET utf8mb4 COLLATE utf8mb4_0900_ai_ci NULL DEFAULT NULL,
  PRIMARY KEY (`organizationId`) USING BTREE
) ENGINE = InnoDB CHARACTER SET = utf8mb4 COLLATE = utf8mb4_0900_ai_ci ROW_FORMAT = Dynamic;

-- ----------------------------
-- Records of organization
-- ----------------------------
INSERT INTO `organization` VALUES ('1', 'R\'lyeh', NULL, NULL, NULL, NULL);
INSERT INTO `organization` VALUES ('2', 'Arkham', NULL, NULL, NULL, NULL);
INSERT INTO `organization` VALUES ('3', 'Dunwich', NULL, NULL, NULL, NULL);
INSERT INTO `organization` VALUES ('307a2292423847da89a4d3d57a003017', '上海公证处', '上海市', '110', '123@qq.com', '上海');
INSERT INTO `organization` VALUES ('4', 'Innsmouth', NULL, NULL, NULL, NULL);
INSERT INTO `organization` VALUES ('69c2be6d629a4148a4517f7bf4d7112b', '福州公证处', '福州市', '110', '123@qq.com', '福州');
INSERT INTO `organization` VALUES ('e4c0fd38aee643dd985c13b40da92bda', '北京公证处', '北京市', '110', '123@qq.com', '北京');

-- ----------------------------
-- Table structure for organization_statistics
-- ----------------------------
DROP TABLE IF EXISTS `organization_statistics`;
CREATE TABLE `organization_statistics`  (
  `organizationStatisticsId` varchar(255) CHARACTER SET utf8mb4 COLLATE utf8mb4_0900_ai_ci NOT NULL,
  `organizationId` varchar(255) CHARACTER SET utf8mb4 COLLATE utf8mb4_0900_ai_ci NULL DEFAULT NULL COMMENT '外键',
  `organizationName` varchar(255) CHARACTER SET utf8mb4 COLLATE utf8mb4_0900_ai_ci NULL DEFAULT NULL,
  `notarizationCount` int(0) NULL DEFAULT NULL,
  `notarizationTotalMoney` varchar(2000) CHARACTER SET utf8mb4 COLLATE utf8mb4_0900_ai_ci NULL DEFAULT NULL COMMENT '密文',
  `notarizationSuccessCount` int(0) NULL DEFAULT NULL,
  `notstyCount` int(0) NULL DEFAULT NULL,
  `timeFlag` datetime(0) NULL DEFAULT NULL,
  PRIMARY KEY (`organizationStatisticsId`) USING BTREE,
  INDEX `organizationId`(`organizationId`) USING BTREE,
  CONSTRAINT `organization_statistics_ibfk_1` FOREIGN KEY (`organizationId`) REFERENCES `organization` (`organizationId`) ON DELETE RESTRICT ON UPDATE RESTRICT
) ENGINE = InnoDB CHARACTER SET = utf8mb4 COLLATE = utf8mb4_0900_ai_ci ROW_FORMAT = Dynamic;

-- ----------------------------
-- Table structure for rank
-- ----------------------------
DROP TABLE IF EXISTS `rank`;
CREATE TABLE `rank`  (
  `rankId` varchar(255) CHARACTER SET utf8mb4 COLLATE utf8mb4_0900_ai_ci NOT NULL,
  `notstyId` varchar(255) CHARACTER SET utf8mb4 COLLATE utf8mb4_0900_ai_ci NULL DEFAULT NULL COMMENT '外键',
  `notaryName` varchar(255) CHARACTER SET utf8mb4 COLLATE utf8mb4_0900_ai_ci NULL DEFAULT NULL,
  `notarizationCount` int(0) NULL DEFAULT NULL,
  `notaryRank` int(0) NULL DEFAULT NULL,
  `timeFlag` datetime(0) NULL DEFAULT NULL,
  PRIMARY KEY (`rankId`) USING BTREE,
  INDEX `notstyId`(`notstyId`) USING BTREE,
  CONSTRAINT `rank_ibfk_1` FOREIGN KEY (`notstyId`) REFERENCES `notary` (`notaryId`) ON DELETE RESTRICT ON UPDATE RESTRICT
) ENGINE = InnoDB CHARACTER SET = utf8mb4 COLLATE = utf8mb4_0900_ai_ci ROW_FORMAT = Dynamic;

-- ----------------------------
-- Table structure for transaction
-- ----------------------------
DROP TABLE IF EXISTS `transaction`;
CREATE TABLE `transaction`  (
  `transactionId` varchar(255) CHARACTER SET utf8mb4 COLLATE utf8mb4_0900_ai_ci NOT NULL,
  `userId` varchar(255) CHARACTER SET utf8mb4 COLLATE utf8mb4_0900_ai_ci NULL DEFAULT NULL COMMENT '外键',
  `userRemains` varchar(2000) CHARACTER SET utf8mb4 COLLATE utf8mb4_0900_ai_ci NULL DEFAULT NULL COMMENT '密文',
  `transactionMoney` varchar(2000) CHARACTER SET utf8mb4 COLLATE utf8mb4_0900_ai_ci NULL DEFAULT NULL COMMENT '密文',
  `transactionPeople` varchar(2000) CHARACTER SET utf8mb4 COLLATE utf8mb4_0900_ai_ci NULL DEFAULT NULL COMMENT '密文',
  `transactionType` enum('0','1','2','3','4') CHARACTER SET utf8mb4 COLLATE utf8mb4_0900_ai_ci NULL DEFAULT NULL,
  `storageSize` varchar(2000) CHARACTER SET utf8mb4 COLLATE utf8mb4_0900_ai_ci NULL DEFAULT NULL COMMENT '密文',
  `transactionTime` datetime(0) NULL DEFAULT NULL,
  `transactionBlockchainId` varchar(255) CHARACTER SET utf8mb4 COLLATE utf8mb4_0900_ai_ci NULL DEFAULT NULL,
  `blockchainTime` datetime(0) NULL DEFAULT NULL,
  `transactionStatus` enum('0','1') CHARACTER SET utf8mb4 COLLATE utf8mb4_0900_ai_ci NULL DEFAULT NULL,
  PRIMARY KEY (`transactionId`) USING BTREE,
  INDEX `userId`(`userId`) USING BTREE,
  CONSTRAINT `transaction_ibfk_1` FOREIGN KEY (`userId`) REFERENCES `user` (`userId`) ON DELETE RESTRICT ON UPDATE RESTRICT
) ENGINE = InnoDB CHARACTER SET = utf8mb4 COLLATE = utf8mb4_0900_ai_ci ROW_FORMAT = Dynamic;

-- ----------------------------
-- Records of transaction
-- ----------------------------
INSERT INTO `transaction` VALUES ('1', '1', '200', '34', NULL, '1', NULL, NULL, NULL, NULL, NULL);
INSERT INTO `transaction` VALUES ('28466870683e461690d36051c25c7c17', '8359c6bdec8d422b9382c7fa68bc11a0', '{\"PUB\":66011344935105234427447469472448144432935311659204332764325391892625226804762571866678307044929293806595204376445627205158656893404766619808394544993879715424774252444469233221660819186196025235610400742590681604305430806339311842057887780310074598635477844028509021941933879018106836653314135063240684019514651604068862274676903353725230947105792402756193325972926590153335575000458057753864300662364571102262026639762683470648753985842462534591558325449338497762843188079001002676017488227283250811379606153184420849367523898133096522675834122096867228639694591759329527316677844377484299831298235234064876353796,\"T1\":7687416178142646461075628016548189887953849673476988698165333657462932851863717494962054897261044933657067753044658231337339439392098262245476408546491995122227409142487848892046140120689673361144495698668012735041120533689571959872936347546604669275011756606987531531456709608487885792364619276791553602405378741765830086596975603871614741473884160619760396047444417039334914688138673067422361983591196323773260516199460188268818708155150983213968168782900750812177367010178869539113087197325247806891039793161033170929951200839440351868421993613443239912314755750175364093062531507902581641371947802666222903216717,\"T2\":673631220999557076555085293871994168765753343469106222087732608028991021831370133808310956401003454436934652139507549082177781699234692972937274698525910106323692940605322040944733784217153529045738834565075188239349998381003431360069442850889761674721376271106537570027705439995985299766303191669700666430681530361457341799235142231483078493634366638785783286515591351062521637196195630827644624394713215148708377346982163281926823824667763341817158069556674062102660080260288052383720426897404046598206067056965779222917340020616234610760904990125902535824939387398480679415466065455586797980267402282648201899772}', '{\"PUB\":4785914538420978232653482905940940650026397414458971057886618937304352424975715523012276104059837832190610030970798861259748307762783022060624557630016089358651145934629467225718437334624355277194773345244637044339478522536608144652409717423381931451955007343735806189890785221383821911097507851967290164528559868509835501972011999431319767622025995465712360773633284661105287434583950262795040299675751277904225305294277754410673782457905661547635478667286033095686321019501179844051704145275282568579848465496895462368713395411080468455513013356324847217427884186375394640258583622644157965282892249817803020222452,\"T1\":5851938494972655124037078130453823807251248816783556366658628809707922082949844270489278407133197851705765152852080422179357506555735154011049115108106716751964217097914454085733304919724500001980993440200115391194915539127891850255557789970350758220629130048239269636207378766668778776262666764206229362093292196865866425338787901515258831873355341404425705031801812862530532125814391565862331401539980427649933220685789896383378337373727910241790196645043741987069333685876748979699953365356525233173717463080558732045225060106886692607215084918702153102121037928732219372974221175006761006752244909028179300647948,\"T2\":7693154185597719127883391610620481912906072671155923568474287305830581639698844764868167889475447678759967847692370117591723098803532760489972098399216705684943399659692373478223616377106434981990779354049533005602575971840538785487398562146555207812871867107831246831823682187005740650307077167994959164616330924001152416442229575065831325200329884173695561143355926708248874062506958496666784323393691830964472633400584279314454627389286123978441940881036448464204184250611102032714788018592077869296457246646989632917195372952796017523858498179580629023801522557280962870962867354681615823320864715654128836022219}', NULL, '2', NULL, '2021-08-16 17:03:31', NULL, NULL, '1');
INSERT INTO `transaction` VALUES ('2e61e53b8d6d4820bf4d4baee55e9c63', '8359c6bdec8d422b9382c7fa68bc11a0', '{\"PUB\":4785914538420978232653482905940940650026397414458971057886618937304352424975715523012276104059837832190610030970798861259748307762783022060624557630016089358651145934629467225718437334624355277194773345244637044339478522536608144652409717423381931451955007343735806189890785221383821911097507851967290164528559868509835501972011999431319767622025995465712360773633284661105287434583950262795040299675751277904225305294277754410673782457905661547635478667286033095686321019501179844051704145275282568579848465496895462368713395411080468455513013356324847217427884186375394640258583622644157965282892249817803020222452,\"T1\":7298986502110727415651909235748047250888121814656315011538593524365533122218715567458393989883582279335577626603001212606307671102616641182933280232761130773556115764767616279275575285367745152855326270009421791357165110622841001171328961109655739493937759697563318363118849227601081955681453713451542019942458251150575883949893153243074284571825745872159029178798464960037134702349796460508797016374491758279724669766236900260601016626029136019603125918203406568836809686423263790917725543252919380380990520543047058264520186179246467538371026109796389691065489670313968425513285993498505852806411900732643986900718,\"T2\":1489106586473934776008772276860757371672268958264002442339047055542254998950796894846620802237789194796706640682588857700971908352378244904275915314265571657264980550968820052045579731341710413367598924124314647682587078904239659424593734005237331242586822551891166335275615070712699575115945612009270066923786580909028733512069799418599141869810476845043898043642410895235801558479590477401283640151156249930977561824001358291484777484175716023047136742033423169609024266055731917278953338926499688343721586363629899986322529834829908063126645224810552184890165721788657328637858127863918024150861755776703643690438}', '{\"PUB\":2643601153838030023482737889660377137115410005023175967644065098189014550522829390585528779819232023029414140926225780723705229107052145803425776751308344236699191471410656036057884277732200788757182567714405401738011134010338063204923990138341260149118851942668589821975983356667782556275102150791534410997308954625965680411161768014278414692082234015553415283393804293735592312513289926345623543467271503131919385400561884928115341715664645322658760295979623121392723222618616113686771930029021223477677145732133801867715356974449024526338580617786074626198630800866621061669989059451586004247197296721264469040420,\"T1\":5491022296328361671750181370048314034878129187481727594968547110546620468379870265786979265881342942548836992033070074676340192267426776758303706593158853189353167509714667275147356778975552494673950107108343670526661934532887174925002108920898650341789773396982480783458565431603527070967305651702187247417378522255351677221215255909958680737059240018354429802837730216148956120126172424129267146143040349333705697128432849916469835715904502274691015636508288541376398183649952069373584194285624857403636080395637281952166389602938018339705197277939892046221652567258450389904099565342380057917592624077616656681499,\"T2\":5339097027071140877364164671978680656739799189986182048730306118777809477122756678989581019591849469271570466839107927241674548069799791912362421291126323645435679421722330642678138873952683489301177615164691404984948401036777760026682452794550841197496151717963119789272352623995439971967423800468689780382130133993819940758151949489818504690826536030267243353917285682656618494624094849178697569822345265062800454494960605524520820469532307288726081890173271143847546717928095034065714546856103980820581115835959576511546137892207295421258964138357865041682905364513961200282898295285376236480962494656257740289823}', NULL, '0', NULL, '2021-08-16 17:09:10', NULL, NULL, '1');
INSERT INTO `transaction` VALUES ('666af9cf07184d819e9028321f41e74d', '8359c6bdec8d422b9382c7fa68bc11a0', '{\"PUB\":220550285228230287810192856199229144279750843693493906789043918343151513812581447042477454842442646334797707562529344223997303153545418229784460081315880382820871510089402238573777793320084919435125006635051680461732445032481823360200756782893697689420055984438344812765886750356391914329271926879641256970935350556584351857728633993449216082578439018507936202912608779405878911343290554790075540465412581796919961594788519964571276344001670201295631858024312371226161642183907858474206440197214165368075756286091365705047632185778549204974183678708409725726857244240479282228121099098638616117214399519527855676772,\"T1\":7108247929896791887105207385868289927142788570624315120170188078864212738702995831274370177398453755837791686235674021547476111666813486971859371562183623524044977768336313003830198746450177556337838492088021848107895103134481870197666509237697260499956839313069319902431322252488369105269543072868771385212947116955226754788411471093385995127187445883419582571594374253210783730144038822388598713602871751077218317759681242142687790578350375923608582649761674768236344412448699356437559011835730882150733445956512713583886183031984911622224419321156251583956709751826593150147827187983325429163143996890105589299886,\"T2\":4419187366405151702554227104623782432114610046767718511816689318054718321996480762165027388164698690642669550556707126007460472066943008474890994939360648520130728853407007436506785055139484527153249115381177167852113634624005889582301964776744342990467527800500222642580523654073387065994904353367993191176133316773267682888410886487261391553797890563451810812303597516715260751561086278037566499498442373642051488297031727987891564337534157332049182469143252650241475208494825005608643381996968111319509679127624914088098654854743774124437432550041814467081903919831691429877351099487275468751337698533567152185663}', '{\"PUB\":2410187945939260488449033716080869378734466914931767482847696174848492503483775130630066295703850290891828125659056812692409643373061070033171775803174586942372819871465361063841813177769898166789393398323858649892610331726633821621173194475505729948427956835789699258871346044753053873263766918467255048569198027559969684463625724022330828268315493157451708636192441962283896384653322272498147122700981783772821789725328803229029969882897130704646169488049988116618107448391436941810746122241550079912414370299908950670511682094959076983498060249974454990338602873490275405620379301291989304842342127469645911562044,\"T1\":797326491421591753029793707216374531183965213392483044944018163702410624731774454849186191215045510345998405205258382832782648152705046706188283810545762692307343992154953850643849289899914332698077595247129965137680090253418676364278985661730479498315317798710392357077599802517832253642338407129111979783320567368920155413838217107272818639199798240596436920284610512029480533292811355655513077786850369811286266852990991990704775867996984412304502590711963113980784291992121017239755779471952475273229882741859669702095236955813725208429009425538613000111356357108611272395131197932639445041935989133540012893439,\"T2\":6308899570422952497341942289970642180487317772818659919474641402406188665772326864273913703511910434164698625720053283721909236784590968897916463188561817237435303931350657689785072382894196909804892363908153487965997783687617230324705697786248838207890592105257872051866172951045068833887565090332257155060818525599178520216497175074074959514496451168711564406851659524888636446187858765654911357198918262061015925754283070384202239255917975813615803830802428789990491725003280275743556220317100130515226410523094980885301099694215424352850915500928703509107366999788937597397050239147103064760259089933786422712295}', NULL, '0', NULL, '2021-08-16 16:02:34', NULL, NULL, '1');
INSERT INTO `transaction` VALUES ('723c763b262249369b2f0d9cc1c40950', '8359c6bdec8d422b9382c7fa68bc11a0', '{\"PUB\":2643601153838030023482737889660377137115410005023175967644065098189014550522829390585528779819232023029414140926225780723705229107052145803425776751308344236699191471410656036057884277732200788757182567714405401738011134010338063204923990138341260149118851942668589821975983356667782556275102150791534410997308954625965680411161768014278414692082234015553415283393804293735592312513289926345623543467271503131919385400561884928115341715664645322658760295979623121392723222618616113686771930029021223477677145732133801867715356974449024526338580617786074626198630800866621061669989059451586004247197296721264469040420,\"T1\":371830608306498348476031637712116570078062163792534959858339361078832017627428032363264759376995940226037621213074863426147626394194698014414794361750462752311187232887703433541563856885797869975286081708945629856788000902192190403837500686324001186935212545081611075135799686714929122232395259342674504859392930577297205473403076267778549380554314312023728023558777890485493624139826012102332501117210315175736220708324380652499517803080831233058279504801549269339877413382533263497196568360223346277083450195507934864640565563100982500275712100892559596747553372628288445787939673828696974839396524457377350335572,\"T2\":4723843965131747326194984232372422712881606419255694387698181080900625691747368105555514471104929452296046459093740862673930538717198948992485301772486959197689482850047779337877358126748333427783745563574826413069400134692360416869472722038533115496723291119577581246427951567619661346191332981534128689771782769131043817998225492789564788915419199703050374672260884603511565076540214063669303136133869521184861269857140534049745877111310729646728770212485516975555353110399892728991657537094521358127420445422553169165837859624737142756329519852521126005742280034610853238976358278661641817190204663738108804580655}', '{\"PUB\":1180497821513281896729153820312113956340298228825847916383259501767400196892616153626422413100582116003116387454155851177243047169471059503310696178239550362060938679734992116581681941908369496909344617968211571355841925556101941481193124526286327952148353860350041769872420819068249082286207839207043131370190699261556689669551599115518050198193114384622532489724035970906019335231619796750427186891270322277815019146278284647822269986596396589110762927528604455879209375060379298959685716042127000144630819328331742542913056572893028437483181496336307545827570219195641214047288380443850172514492349648674739161423,\"T1\":396227184934287136853620055399033242425775559874281353800852257714682344843828233836542516459948523724974021044898150636753153401676500495143156908510284754857067378255787009868006673525418392991735540231831931613514074710562424379962836844460803872773750589116595178669284141652395479964601789652189980800380825715571046327797140168410880507950940549696118521584999394732785211248296678888916875369274371105508627594643528658638390193839364564400859104739437319911492865319761425402235091750034824969502685397685417126251568908849418875710485969091990597463134890394151724761965991057816138822618382606335645443975,\"T2\":7800355977181943638746596542714744294605066776523085702045847008775673987925488771372955846949095445911304337062902441251736336102492218786630446310602427824042660197375474977011878386440512559920221435855045309228237566460445695172173880960829638523651572002131225126343550442142741248387365222338324335344866635756510018035477820129509020220642987262838464205600849452411266586994282657329777712594590198865116990204643280582253679671267442370186464071909447318149774306533541646438673506990361285220042074554983129314645409561127741955160396143499903953430904090507305355397177779082688280406988834555910423521830}', NULL, '3', NULL, '2021-08-16 17:22:50', NULL, NULL, '1');
INSERT INTO `transaction` VALUES ('7fb2acc72a044f47b4c9febe8e481e4d', '1', '{\"PUB\":5515409226158832788791739112526812287228939154265738021408906143681734974917774697352737939015245200265821775449522077124557371791126659243190498760360617858566844625357728784916487482222997019173897811401399021603983067307715815319793352403365072303452824936158879322449237232369214455650704048420347036482526472786986112227169504386677347361212577156403390041947014525720736961689685034147981870071035327561299461929001433114860320714792506075997988869602459087324965783811417730920626889980461038194156729460967919365665361658562988960721501114889420847534426855676373651549028783713400942349155282937562417483493,\"T1\":5837225446774236185924793357207411506694771461840493996212768225098822961564448048264307949222017903759545311733505086346116160761572930062436150656187954180629807858000225068467853036164117321691280654430584685199630981187053584794633521241011642387630516654489052678869388889084140716828256471990002953462987100403778451656952078997315272957929684347981374833316541206245321159795824439092208522530599407667486306764658106862968774435258039922708705004363135687913887776836578732708389198960336854064878270226249943260286765827751869444429383719641810908314113052105157294817824239306702184130690699297102034668542,\"T2\":5811570843263766905849293368258572788730192891670786448661323461518358659056376571057643367090930062319349823498116102544326536529594392190885560201903608893693801790780689109420547635393775918535668405186288980983565232776260325983220890763830500465845538999716448297346764578011877180591805611087991140530687583699540729042184144966012215898366006220849071381549733011960099714099307358966078751339321796272629534385229587120617132887223049096503332492319270632716531673061749018893454784187473190901132407641558570907875050379350040174307396235304399811675261830796653881000778704622823532119839528546771999985225}', '{\"PUB\":5515409226158832788791739112526812287228939154265738021408906143681734974917774697352737939015245200265821775449522077124557371791126659243190498760360617858566844625357728784916487482222997019173897811401399021603983067307715815319793352403365072303452824936158879322449237232369214455650704048420347036482526472786986112227169504386677347361212577156403390041947014525720736961689685034147981870071035327561299461929001433114860320714792506075997988869602459087324965783811417730920626889980461038194156729460967919365665361658562988960721501114889420847534426855676373651549028783713400942349155282937562417483493,\"T1\":52605796862049384494727661549331583919425827956842535589707779300517306147291695478305512708520603608582124646782360678122189925925058079903526184217533867210825505208220348619154090974314901690807564922588246554439736365875891217271672629923611398777010924565320565011951377176603086198676666247224520225644870559174456410615388909543863616734531326931815870453417042287049118409171047154996861039300225184364106775913057894657594155159730872018180722208426910140869543987805449505628950736542068767639328181711984991413609724612740690992648834360954135899660029340736855703036256220207286962997123976510751082890,\"T2\":3903612103493007053391257979054303706501185834771054170328836556711690773697789721750595120578865562346519010597397180605166604953540511655523728932118028164008977745213034184691497194700815517788674474310054139842268545362971043549346215059414456460767480954401622943753366447398684130797017168657967534664536421785511749559746558400323248294624345710449907959698461800289716547319792005888264257639336263552293315139269610449243226677409237457113899458580663760276718259802199903216883173495088930432415048030816294722261890933881735684194379440648049366898980882317639172559711426393288095489160038526889159170117}', 'aa78cb6fccc94554ac60eb7732279a23', '4', NULL, '2021-08-16 15:15:12', NULL, NULL, '1');
INSERT INTO `transaction` VALUES ('8738b5ef52104a86b38237133f5764dd', '1', '{\"PUB\":1854050033333025603709531348404793119838177473202402477012618417503176792809983833036261657896657790181291833207890064722382001765760048951817666843274336880156579126725739075571113305051803670965122026705520293862480748388323310317778520126063342764963382412344809327783648681762889375451403789280425648450807785043847633163027376344444392290913015517468919365371983132251982471441995579140381256325831694077604563007025716634274497530288780620243961113691515604014742509077831023683057043570846273830202626535769696999200028113446643186944793668531540314696653500855317332014087324831437138676331664347615300019484,\"T1\":5685866534630986004795740159104447566158664760020609608462089304160958599510961186460170598367030558042432140823115815357864794571813491235972891824258708537187780661442676308884078542184147042276318217799996310121244404293952929979832852132876764813663407115278064527766293797852783832145003599262236691888415000722750847039128532292093876496546392040881173986969101283599152756941936237397316876067845668337727674806526583877332931137316093249188314024061334619865609751201324531035412834639631285735544242670895896029585934457807454133156538978620389897533085372416183934267078980612627787300365308704820900635758,\"T2\":538277700647774118244022537782272341180021760658498909054313317444587302656304286933298482122737012438575276786786848068510977871776169995642060633028043517656472167207129083305971444959408164408042394803473375281523909112326904611681479761910090578568115554382235740761114351793761461411936439379286685341998330772192622256750102365665276282839602702926769089961201261497954537653658276208279916150996460085633808782449030727763239146326402572628095218792098710701162004031261320755984218796595289737165482832664258340756658477684810259700087352814604880902868427239751525204336101520678745720508788042784654746174}', '{\"PUB\":1854050033333025603709531348404793119838177473202402477012618417503176792809983833036261657896657790181291833207890064722382001765760048951817666843274336880156579126725739075571113305051803670965122026705520293862480748388323310317778520126063342764963382412344809327783648681762889375451403789280425648450807785043847633163027376344444392290913015517468919365371983132251982471441995579140381256325831694077604563007025716634274497530288780620243961113691515604014742509077831023683057043570846273830202626535769696999200028113446643186944793668531540314696653500855317332014087324831437138676331664347615300019484,\"T1\":3951806969014168141200010568437101425058349447869431226552539097817459783194039913959414291430426037844420931676713630272991095765475505361829823603742424438580714420307812021190683824895850274338666491499849504370516248906478053661513134881437855526244925592503574301988429748779977140228276565920717515304404092090787295950573365048705692917106732952025262210472541308317813686505260694861415287719799215336871170581624169475189418756848241336465829915878583205695581069186660832809961187272673939530758977338204038208313351317463089059522770171416777004292373788818726100149366552006751046702489154664406783187095,\"T2\":7738567317896709384857296963442636033519060789382028738529296819666790629407723267347019474643235233220570230036910485850534741894763697270124459557086581708593195329332800202781851892652300758860599764381921436618685774364653915505668327463767913154974896599032546047568624169311099619526957710944172128247950118097870984616110512787788536164627833546142212671617950460188054497917512554024376945077800622539759535400313024138503835716112530080552001746256537584193164629630533799454441283170780601254313360460333164189246494680396019356945062035001421810151554716532439986434205547175855206264303872720679476005944}', NULL, '4', NULL, NULL, NULL, NULL, '0');
INSERT INTO `transaction` VALUES ('f007784e7c014254965edd7fe409b51a', '8359c6bdec8d422b9382c7fa68bc11a0', '{\"PUB\":2409035046841783322606125419290362631127798853989646512584469114247331856395168870082003693523889196292480717310057183098630991179824809219024530337348154569632215806276569181352407389649728150989069566710411304194808295762793786047987966925252159931927154973470476059476090655151108611246643768152538904035306941295388331360273903526878084275451432276123179266383749744285526138211841731988244107302418807724696387772678310080221622120853515470896248698780007360865166323317990031790790984852473900108414234830506134410075849706430466738414358388405693747272176152503802496279113009831258562338045917809680393308818,\"T1\":6372478635074533556278772189635245761546068517854264746846708581706042919983626707638008530965736373788502365015761704514461644203256473061932028455287427633910995514201521525965115938317137277266598005481667502491951405391023438614198283826805770056213010068403719793362648317547841704813785357886205007519592228794179818830352985203500900836434890003790021930341114048863768913646888779520353812001038208260462752663461693494248637383752442682141810716270836928540340715423657959390753987479284158176443227366297264899788479896454279672579728076913724089742679421977174296990936031190075610644420242707006691855509,\"T2\":4010361147452012527797466767052297906037593601106425502205001613938356861136805412603868352891253571239398522296429070572764386569587825485182404975260734681876530294259022101372678769880536706408688003005382824047510761849167378898266882924754879467441238325120235903639262363978561387054899996939551144908860874504552224918985447547348889542025605049230498230298333850454560331229593907887672058519177082726481943264182429945964536923048701401523860337582094455239450795811080509708378464861354746003647722407978156878773449538383475732413603812798129187387772155354246939717507841914754230906458897402128734755377}', '{\"PUB\":66011344935105234427447469472448144432935311659204332764325391892625226804762571866678307044929293806595204376445627205158656893404766619808394544993879715424774252444469233221660819186196025235610400742590681604305430806339311842057887780310074598635477844028509021941933879018106836653314135063240684019514651604068862274676903353725230947105792402756193325972926590153335575000458057753864300662364571102262026639762683470648753985842462534591558325449338497762843188079001002676017488227283250811379606153184420849367523898133096522675834122096867228639694591759329527316677844377484299831298235234064876353796,\"T1\":5145105332047563217904069685916400748462444732675168515437011039560996076867518429545889786717187244709949679280646436807245801806500203386890234598974743493847089609104513476640242421640287619330227032882105788972330440216804696546432894484565308085920935112177059443217790832884461523537740779524337171802118748797244455631617627729887606907582981408959399895846266578345215814171314046801095979766524303839009653425329153365116457088792913840892450988362592869133076790362878068041130983967746976887050974701858132337440427527850183781809018761260007065870868711002548135778567191704418887325919851481279919657643,\"T2\":7220551068515632820583072502312484782541306907115625167733306514424824484187454771602309440626943766405827037057638016781673953972284226557285245313105835433483262727588846714678569293950208930474724149364851379813897041405257299817530387140169222785863808647305767084313488286402032427366803239372287205094758562330748270252987579217378951326700998756425628200318952075435497825758963268671447259935368693477617318522264315929273013722346817929385172018890839843783908608459080729353032845243402410416042164066426788156015924897848238139912034782231577594539571262348167736081983721149708875236704768474434866569046}', NULL, '1', NULL, '2021-08-16 16:40:24', NULL, NULL, '1');

-- ----------------------------
-- Table structure for user
-- ----------------------------
DROP TABLE IF EXISTS `user`;
CREATE TABLE `user`  (
  `userId` varchar(255) CHARACTER SET utf8mb4 COLLATE utf8mb4_0900_ai_ci NOT NULL,
  `username` varchar(255) CHARACTER SET utf8mb4 COLLATE utf8mb4_0900_ai_ci NULL DEFAULT NULL,
  `password` varchar(255) CHARACTER SET utf8mb4 COLLATE utf8mb4_0900_ai_ci NULL DEFAULT NULL,
  `phoneNumber` varchar(255) CHARACTER SET utf8mb4 COLLATE utf8mb4_0900_ai_ci NULL DEFAULT NULL,
  `idCard` varchar(2000) CHARACTER SET utf8mb4 COLLATE utf8mb4_0900_ai_ci NULL DEFAULT NULL COMMENT '密文',
  `email` varchar(255) CHARACTER SET utf8mb4 COLLATE utf8mb4_0900_ai_ci NULL DEFAULT NULL,
  `sex` enum('0','1') CHARACTER SET utf8 COLLATE utf8_general_ci NULL DEFAULT NULL,
  `remains` varchar(2000) CHARACTER SET utf8mb4 COLLATE utf8mb4_0900_ai_ci NULL DEFAULT NULL COMMENT '密文',
  `storageSpace` varchar(2000) CHARACTER SET utf8mb4 COLLATE utf8mb4_0900_ai_ci NULL DEFAULT NULL COMMENT '密文',
  `publicKey` varchar(2000) CHARACTER SET utf8 COLLATE utf8_general_ci NULL DEFAULT NULL,
  `hasUsedStorage` varchar(2000) CHARACTER SET utf8mb4 COLLATE utf8mb4_0900_ai_ci NULL DEFAULT NULL COMMENT '密文',
  PRIMARY KEY (`userId`) USING BTREE
) ENGINE = InnoDB CHARACTER SET = utf8mb4 COLLATE = utf8mb4_0900_ai_ci ROW_FORMAT = Dynamic;

-- ----------------------------
-- Records of user
-- ----------------------------
INSERT INTO `user` VALUES ('1', 'Gawaine', NULL, NULL, NULL, NULL, '0', '{\"PUB\":706567180183925681890435895852508960003424440987699324461563966231862247482400180267698248556957422835549844183460218370231762462338218789323350492964137112720929112173437836726795977647358733082122118712349592714459085021201862404403605658593701559239132058668919458874962505726291888571626767151011636199070408341299030631223043845407913425474609357780339954258701990096365844172731956012955274240594052699192982273012344612883456047389907727448130673993182296291864070576474499370214629326152668335719555709986215189521265544946459843251455368426273601227757909601434048210025569580325714243541861016063591258829,\"T1\":7785711535365546305266092962215911695700922789032328913831053956108498518447238111256948746851887282611698297026378848524696350128238232886473541247171653545542332432490196816532389433604689429928492615080234065310445069596377282964197881763240943488488855711981142370006976701985868280985834304415489627761674109138063057652468923576395168973270245985487886247364087806159135276258803029984150897768205789802725640897086474906068258836229861621629180247477758895891906268893154919181552557736404944814052840145554290275953297845042619044047961073449242379043475267877736720641647345351535242308572781226756513557520,\"T2\":6226696921200094845131520986738226551732897631651810975874956026664654060888701008294815193615801671925099554975122206657193245509641368057909730458256740753278106300784961839953317966022784557040379898941270971648214606113327927658268285632886741555508500181504138075402816421873703865678814332089700989890044907948346193483507627311706045828001630710996704453966955584446751485744840513878288836113705052158580527688012447471808629419811194480412032484691595763610914493543758262226715334640053614850285985163725861915394736435850470861650611462039374548617239019247670990846732079290750030678151909875553712090541}', '300', NULL, '157');
INSERT INTO `user` VALUES ('2', 'Lancelot·Du·Lake', NULL, NULL, NULL, NULL, '0', '250', '250', NULL, '123');
INSERT INTO `user` VALUES ('3', 'Guinevere', NULL, NULL, NULL, NULL, '1', '150', '300', NULL, '233');
INSERT INTO `user` VALUES ('4', 'Artoria ', NULL, NULL, NULL, NULL, '1', '340', '444', NULL, '297');
INSERT INTO `user` VALUES ('5', 'Mordred', NULL, NULL, NULL, NULL, '0', '300', '500', NULL, '349');
INSERT INTO `user` VALUES ('6', 'Merlin', NULL, NULL, NULL, NULL, '0', '100', '600', NULL, '147');
INSERT INTO `user` VALUES ('7', 'Morgan', NULL, NULL, NULL, NULL, '1', '200', '400', NULL, '379');
INSERT INTO `user` VALUES ('8359c6bdec8d422b9382c7fa68bc11a0', 'wfwt', '8d969eef6ecad3c29a3a629280e686cf0c3f5d5a86aff3ca12020c923adc6c92', '119', '{\"PUB\":5367381951479657111316872427350290763764595340160483976298553489025387269900709782375100720688260902727095394017093773070437279261139133863904652902993932327539522506021892864770228431327898681621937801555548429990015484709897771009713458949448922894610438714101309046844806381464991059916417643836394775824367430081508110923071840291873145242806344648661812840462188687559279769072026747511457896026420917023236001899120964618031931735981118718573181410748746459740085577801206768955836179835598117445250085241395778443098516129675035080943467062104532884338029766020815178911567302723713999575794685429054208621897,\"T1\":4995235770696698784109170554569850932165167287902555121947396444788149918619482893705912656985198963907341909489439742405473048699362775440956442009478915321358253874807039198710967115096317148102833197007340051512625613070189592156436137303965957276844696059883853394581795838979714431526054237924815767139787310475708257094472005254756011331911051712984922122857434452832753128220541328874063602854951894470057968424673106377713475130457207974591342060112190685825914419136208901847865903712638867036788638568622971832767788192395699240859776459502508937188944664006120892814130715780441119164937329641732279948684,\"T2\":4323262580876839120953001412255545900006601494147454240247658319662502897127248554955788623344512035534560240973869740134587988407467722455026542461445328833201868418901044470742124661045716391044335902089554032230402953517690719957568733586383403731958719629728639624893899825320304737765219064374057165172003786696420956878758838883281995570265608051846970388005500534626227731861142857435593696859341544032489573384101650600350642782602815346818532327897720396002743811059020863188982621524957945510768372917533642397462106432209182802877506893014880795919338663354877156874131020832256835679885732493699890956808}', '110@163.com', '1', '{\"PUB\":1180497821513281896729153820312113956340298228825847916383259501767400196892616153626422413100582116003116387454155851177243047169471059503310696178239550362060938679734992116581681941908369496909344617968211571355841925556101941481193124526286327952148353860350041769872420819068249082286207839207043131370190699261556689669551599115518050198193114384622532489724035970906019335231619796750427186891270322277815019146278284647822269986596396589110762927528604455879209375060379298959685716042127000144630819328331742542913056572893028437483181496336307545827570219195641214047288380443850172514492349648674739161423,\"T1\":719614636193585820461709372514379063761853397415940685148059551894888986527245889777885979963312527328305112778891771898415727781920602644390990317800734324004696741360245000989618287011763579560520574571218269593336342596109244984360635207661449462657420137552353542694551372644334623928012500300603005059603319227812336498843701749252982975482888652768934740710672118662565376498605050916130766571046051187529199768556038376374618738240473763923735654049480031164004901203909772698667523313346510569868952277223975728072926014912823734664376259299538673224933945461431122030422503297216973895506163264569183718652,\"T2\":7857727367017203500644503004518083928262442707917077375642224933678285868634726749448429295872663491013300750053370581864393775040205419845079890901128626120534725026397715978183948408873259862725197737323636155673772330392234643121521597568851722520023448293096222949639688559648374590447962323368892960654770935739198317830549166576101196264425135949100771342395176758101861853336352517432205179810776238298661208721202011076743146008475599274119236879421880280286816686594598403727803517231677837810198045917792422167578175894009284740113180411860222180903830989217540483365196233318564974188141326952837721796656}', '{\"PUB\":1180497821513281896729153820312113956340298228825847916383259501767400196892616153626422413100582116003116387454155851177243047169471059503310696178239550362060938679734992116581681941908369496909344617968211571355841925556101941481193124526286327952148353860350041769872420819068249082286207839207043131370190699261556689669551599115518050198193114384622532489724035970906019335231619796750427186891270322277815019146278284647822269986596396589110762927528604455879209375060379298959685716042127000144630819328331742542913056572893028437483181496336307545827570219195641214047288380443850172514492349648674739161423,\"T1\":2200396274798401379213401557683915379160263961845931800447294963516347266571895098566384088208429389449753924535592982222246445634381896986914383856057960856015980926195007425690964528798398593077021908686801000101667262631897951173754391153281250907890735386872864570583213835207521890259808071781738116291091227391805095865182304546115750869679597424931019779370171571973741832635239738416845449898119337253556628647003790131690313698404298626963937572308146242191356966656099456752307821867378153167804980379874889048046399998620009998008939085863123265491529294860482992343387229287709091977550053291535756267352,\"T2\":7704901568724104779539221533965366910547541995232116877062264443361912694922013738716561596408191723284313798350583773196185545931624355645364159371510933246101250060101987116447272951670362224863646877951044373883943232868101505079611188751956860475313098317707819194028009212989079718038504328129005017465744114699717665927002900960334030918463312748795035193897138635644849452132542008091803350636468076116971360077740763435715300853938094186797973695642833191323218304408024314863739413209554562077913181694062301948330588835100408962846936647181153748935690862738525515040437793007797933673562007329130066489041}', '3761515516213336701420491098523496377411074387705264468105390845371316813931444623756535065279146495871499934724858725499389853165136234224658109938351115798277356051192794902859963646210795722161399371475748876641735350505353668289190407480620164505330779630925448130272978690029665668955308790899705881091874906712985751298706673185576998716267172633530968206687163354353905827927289775648088893452577236509875181264507541698035744390283359930179938566508561586987330848280468030015484547146498052752675211228512026811984027080340012357278066420189046707750785962204035019118658615409936232792342602165864568574650', '{\"PUB\":3761515516213336701420491098523496377411074387705264468105390845371316813931444623756535065279146495871499934724858725499389853165136234224658109938351115798277356051192794902859963646210795722161399371475748876641735350505353668289190407480620164505330779630925448130272978690029665668955308790899705881091874906712985751298706673185576998716267172633530968206687163354353905827927289775648088893452577236509875181264507541698035744390283359930179938566508561586987330848280468030015484547146498052752675211228512026811984027080340012357278066420189046707750785962204035019118658615409936232792342602165864568574650,\"T1\":7046589057313293702480767249127231506320107255814061201738054340148113617643946603820246757880481064184667433627661047691897542261601484687619302685567495689549499497989433998615072480757980050704726829284905912676851502308002547418320467806481013194575475300752053252860377443135928403242922734863085482416006245283191316035313165515928136984481800247294093972114492491133625497985767601518354366760375397355305557241967968635044930079793061460422360431994423415614977598397460954249540151654283167553506406586589986379781360842623800141506966348316650290434227829779266193038153806828355761632112848620827865864878,\"T2\":2106875435790131774093554696319409826674671230597241685882428138383420741876662607431029855730224245355783314088520001603926253793387163857659583904881759521784561517573790002697342645319918226094220565532687320226932536669779643788889415458976342960347515487754095491806974288703516740899288477264111041578086241126130318647204835079363819081268174406392038817772853136413819261097118819705039193701183444541354770043552732083060598147442651832903693314390506979971802619507165853034313748805558660091992905218245102754277728852065891823609066341019252635431872645504102377243679626752743384258887821323543421233099}');
INSERT INTO `user` VALUES ('aa78cb6fccc94554ac60eb7732279a23', 'aabb', 'a665a45920422f9d417e4867efdc4fb8a04a1f3fff1fa07e998e86f7f7a27ae3', '110', '{\"PUB\":5692903953614808317579273405391279893607692133995848654312441682678222516039697951978834590219229929557079950474833640554503709429936059213787612236649543979477959421113123067943689427200099092670207428225066183872387163225247717171156411524642873181465496711651943036954167218815282386228304946476094587292247819125623072700861879397750507138530634512154942708291277044949013798521738885093279897742499473757612567672235684049509977528010919127649790095688979783603006089322412925928295913872915644528874092844921321732355397211025319136805709014113374506640938308212549972182527425608040717367938263278445550886848,\"T1\":5379776893678313779129250011985734844531523838507630546938050283021306339340339700683202034628712521280257959362269183392864416560290354526967563104509396056530362459657021379269693880099878807985048399150442669727697863751186493219963864982883866770194435335484480448698295159180406324735479103456841984301728942639180899623108472508787855037437381618346879168620142094994448517655461093369822541174546362393776485849970890896394751062256836185829246892146920240061164933804315560468791475615423496729884272015749230943482652407431766170352650023094748681422655476116638582781797804992394752805795978726982645937887,\"T2\":60366994328414192623248810928026405036306407229366936294848242392143415121656379315912363454845687449108119198529100419893913842949366878842710352802312052546533741788642766400729816178719214980928664745238402999691572005014880389814910841455039117969174346085227082585843309458808116715727845537691372662512222526544581970614442387413748745125294006673754401070888766654378528001629862079382210813038048458694367997343533247139216618726350555149944130898275161298950539523593224995800904987482076799039315392121630990964431883892979208023453096519301904275185143863097858106745767642488823836733183108109546474633}', '123@qq.com', '0', '{\"PUB\":66011344935105234427447469472448144432935311659204332764325391892625226804762571866678307044929293806595204376445627205158656893404766619808394544993879715424774252444469233221660819186196025235610400742590681604305430806339311842057887780310074598635477844028509021941933879018106836653314135063240684019514651604068862274676903353725230947105792402756193325972926590153335575000458057753864300662364571102262026639762683470648753985842462534591558325449338497762843188079001002676017488227283250811379606153184420849367523898133096522675834122096867228639694591759329527316677844377484299831298235234064876353796,\"T1\":2688274504255813665704965595984968313086818135424905039680241592498492858306651167857041138299647693174067810128635258038287486597853008978202461138241924744981691558860817380120402007471962827889199887119689111279922337799626621808659064170407401383899289145042252346146334674466440240725269100443403906588725068541684958110004302886393718378782683508097175105870833179761816997450388836996532328679739655351647496490937729442002676812554051860888880049021579198280199007456305802413302225318528770908795264948912193410443011604835624174588689155002020123940516135953190816989439643967676405943923625809911231895772,\"T2\":907972819289287749880898518166905593817618253663400194876604356797858358081469900807878092196679305448501306981136221987488240962205862622099098570936774425966207236594600055571001509905681817897099340880105209596400447809148984333691543567343102575513004074947494332913309208088621777049025369598363379094070184995972204080668480132390987048022663187867958522873651634299242093078764083633247408766593346341404163695031968637427786971067930183055888665982844950741222475419002290301408499236929310043277163303542253371978531187859565094694664823708527613234379052806091013013437932417621113522850317738598476516450}', '{\"PUB\":5692903953614808317579273405391279893607692133995848654312441682678222516039697951978834590219229929557079950474833640554503709429936059213787612236649543979477959421113123067943689427200099092670207428225066183872387163225247717171156411524642873181465496711651943036954167218815282386228304946476094587292247819125623072700861879397750507138530634512154942708291277044949013798521738885093279897742499473757612567672235684049509977528010919127649790095688979783603006089322412925928295913872915644528874092844921321732355397211025319136805709014113374506640938308212549972182527425608040717367938263278445550886848,\"T1\":2843422726708444589509459132569098987333732196039456013912546581999115021610825792326691960981608247113280420189733188191722140862787118243196882704634180223429008438818778363513556755779790277943730293569999936890738721367717583145090253906103684352615229148415703392859718019225732873606920126452298670975443703576682533965876540517146306991555511457948058672521267966531084372822127313498726889425971294518122126192889640857275486173854018426430951306597919365264554979314272870048704423325426158394722252593021925796407914237901300297283051378011848906546187586267639920747856374452415228230686029966518381528185,\"T2\":5808728260612862120613357289681723792993233358696466377476523856177277285481903005928843305733006770614251378606882439539865692404020081931567034473623545087690255152166976596843800842664693198947756194509280732973578211389011336013347964085770839143606177250733444248675892377153429222549135460354640529009266956452403740364897086688263082746379968586651586414255380796207566329581578272833083449911565587436714740605024705794326675685518993378086511740615544098265512596181493722784543350350151540555606636950320239150778119980284725978692019967431788795232356797427583528823276219057042218063792000950074569603575}', '5692903953614808317579273405391279893607692133995848654312441682678222516039697951978834590219229929557079950474833640554503709429936059213787612236649543979477959421113123067943689427200099092670207428225066183872387163225247717171156411524642873181465496711651943036954167218815282386228304946476094587292247819125623072700861879397750507138530634512154942708291277044949013798521738885093279897742499473757612567672235684049509977528010919127649790095688979783603006089322412925928295913872915644528874092844921321732355397211025319136805709014113374506640938308212549972182527425608040717367938263278445550886848', '{\"PUB\":5692903953614808317579273405391279893607692133995848654312441682678222516039697951978834590219229929557079950474833640554503709429936059213787612236649543979477959421113123067943689427200099092670207428225066183872387163225247717171156411524642873181465496711651943036954167218815282386228304946476094587292247819125623072700861879397750507138530634512154942708291277044949013798521738885093279897742499473757612567672235684049509977528010919127649790095688979783603006089322412925928295913872915644528874092844921321732355397211025319136805709014113374506640938308212549972182527425608040717367938263278445550886848,\"T1\":446855998252988455126346515357356833648896856426387771735653457109609528583216357508889755096480984441559841561813426024549207301058201055568224773619184904873920158562666700601754834489023532993756690235230621283368232998397951131870214614301846987890280584273563758983955349030307749344117240206980513772852704595542626815559867901822597456331424857373553745179241115527845745924597336221699180501098783698309623205467841900094145237467884669515090352239964480170562512339476645329752988472624642112722433800629920880516159767947118235851867607323664067843413383397616515092506394936108495704924827231652077955895,\"T2\":3124231637758227092550667662925571988103277823706607009510340358210582917543277529949446572515283685117938171099901065219717291653430996447747269541280304720105591301442390528888918932170915257106642260166345094210125425770005589314647681534579298383960297253713520814784674485042086139285600132034580262986927272793099907064260598570082576138697691848868146728681804897774171252282601167449244572804980835383668160959841529387916579215835549496852677925818497249134079421403756851447000826555273312549502438151653751847585840040941889849900522905083220296893454098326601968305300690104079666257008396650307976315529}');

SET FOREIGN_KEY_CHECKS = 1;
